id_child,endline,respondent,gender,hoursworked,prim_type,edu
1013101,0,0,"Male",0,"Private",1
1013101,0,1,"Female",0,"Private",1
1013101,1,0,"Male",,-99,
1013101,1,1,"Female",0,-99,
1013201,0,0,"Male",48,"Public",1
1013201,0,1,"Female",0,"Public",1
1013201,1,0,"Female",0,-99,
1013201,1,1,"Male",20,-99,
1018101,0,0,"Female",48,"Private",0
1018101,0,1,"Male",48,"Private",0
1018101,1,0,"Male",60,-99,
1018101,1,1,"Female",48,-99,
1018201,0,0,"Male",48,"Private",2
1018201,0,1,"Female",0,"Private",10
1018201,1,0,"Male",60,-99,
1018201,1,1,"Female",0,-99,
1018301,0,0,"Female",70,"Private",0
1018301,0,1,"Male",0,"Private",0
1018301,1,0,"Male",24,-99,
1018301,1,1,"Female",0,-99,
1023101,0,0,"Male",12,"Private",10
1023101,0,1,"Female",12,"Private",10
1023101,1,0,"Female",18,-99,
1023101,1,1,"Male",72,-99,
1023201,0,0,"Male",48,"Public",7
1023201,0,1,"Female",48,"Public",4
1023201,1,0,"Male",56,-99,
1023201,1,1,"Female",56,-99,
1023202,0,0,"Female",0,"Private",0
1023202,0,1,"Male",60,"Private",0
1023202,1,0,"Male",77,-99,
1023202,1,1,"Female",21,-99,
1044101,0,0,"Female",300,"Public",0
1044101,0,1,"Male",300,"Public",0
1044101,1,0,"Female",30,-99,
1044101,1,1,"Male",60,-99,
1044201,0,0,"Male",63,"Public",1
1044201,0,1,"Female",63,"Public",6
1044201,1,0,"Male",30,-99,
1044201,1,1,"Female",48,-99,
1047101,0,0,"Male",42,"Public",10
1047101,0,1,"Female",22,"Public",9
1047101,1,0,"Male",48,-99,
1047101,1,1,"Female",40,-99,
1047202,0,0,"Female",12,"Public",0
1047202,0,1,"Male",56,"Public",0
1047202,1,0,"Female",0,-99,
1047202,1,1,"Male",70,-99,
1047301,0,0,"Female",56,"Public",0
1047301,0,1,"Male",42,"Public",0
1047301,1,0,"Male",56,-99,
1047301,1,1,"Female",42,-99,
1047401,0,0,"Female",20,"Private",0
1047401,0,1,"Male",56,"Private",0
1047401,1,0,"Female",56,-99,
1047401,1,1,"Male",42,-99,
1213101,0,0,"Male",42,"Public",12
1213101,0,1,"Female",42,"Public",10
1213101,1,0,"Male",64,-99,
1213101,1,1,"Female",0,-99,
1213301,0,0,"Male",140,"Public",7
1213301,0,1,"Female",140,"Public",7
1213301,1,0,"Male",70,-99,
1213301,1,1,"Female",0,-99,
1213401,0,0,"Male",378,"Public",9
1213401,0,1,"Female",378,"Public",10
1213401,1,0,"Male",12,-99,
1213401,1,1,"Female",14,-99,
1221101,0,0,"Male",24,"Private",10
1221101,0,1,"Female",12,"Private",11
1221101,1,0,"Male",48,-99,
1221101,1,1,"Female",3,-99,
1221201,0,0,"Female",42,"Public",0
1221201,0,1,"Male",42,"Public",0
1221201,1,0,"Male",56,-99,
1221201,1,1,"Female",0,-99,
1221301,0,0,"Male",48,"Private",12
1221301,0,1,"Female",0,"Private",7
1221301,1,0,"Male",56,-99,
1221301,1,1,"Female",0,-99,
1222101,0,0,"Female",54,"Public",0
1222101,0,1,"Male",54,"Public",0
1222101,1,0,"Female",48,-99,
1222101,1,1,"Male",56,-99,
1223101,0,0,"Male",12,"Private",15
1223101,0,1,"Female",12,"Private",7
1223101,1,0,"Male",42,-99,
1223101,1,1,"Female",0,-99,
1223301,0,0,"Female",0,"Private",0
1223301,0,1,"Male",72,"Private",0
1223301,1,0,"Male",5,-99,
1223301,1,1,"Female",5,-99,
1244101,0,0,"Male",8,"Public",10
1244101,0,1,"Female",0,"Public",12
1244101,1,0,"Male",48,-99,
1244101,1,1,"Female",32,-99,
1244201,0,0,"Female",0,"Public",0
1244201,0,1,"Male",8,"Public",0
1244201,1,0,"Male",49,-99,
1244201,1,1,"Female",49,-99,
1244301,0,0,"Male",120,"Private",7
1244301,0,1,"Female",120,"Private",7
1244301,1,0,"Male",66,-99,
1244301,1,1,"Female",0,-99,
1244401,0,0,"Female",91,"Public",0
1244401,0,1,"Male",91,"Public",0
1244401,1,0,"Male",64,-99,
1244401,1,1,"Female",0,-99,
1247101,0,0,"Male",52,"Private",11
1247101,0,1,"Female",42,"Private",7
1247101,1,0,"Male",28,-99,
1247101,1,1,"Female",12,-99,
1313301,0,0,"Female",0,"Public",0
1313301,0,1,"Male",28,"Public",0
1313301,1,0,"Female",32,-99,
1313301,1,1,"Male",48,-99,
1318301,0,0,"Female",0,"Public",0
1318301,0,1,"Male",48,"Public",0
1318301,1,0,"Female",0,-99,
1318301,1,1,"Male",48,-99,
1318401,0,0,"Male",84,"Public",6
1318401,0,1,"Female",84,"Public",7
1318401,1,0,"Male",64,-99,
1318401,1,1,"Female",64,-99,
1321301,0,0,"Male",49,"Public",4
1321301,0,1,"Female",0,"Public",1
1321301,1,0,"Male",48,-99,
1321301,1,1,"Female",32,-99,
1323301,0,0,"Female",0,"Private",0
1323301,0,1,"Male",24,"Private",0
1323301,1,0,"Female",48,-99,
1323301,1,1,"Male",0,-99,
1344101,0,0,"Male",8,"Private",2
1344101,0,1,"Female",8,"Private",2
1344101,1,0,"Male",30,-99,
1344101,1,1,"Female",0,-99,
1344201,0,0,"Male",70,"Public",10
1344201,0,1,"Female",80,"Public",13
1344201,1,0,"Female",0,-99,
1344201,1,1,"Male",35,-99,
1344301,0,0,"Male",48,"Public",7
1344301,0,1,"Female",16,"Public",1
1344301,1,0,"Male",42,-99,
1344301,1,1,"Female",49,-99,
1347201,0,0,"Male",50,"Private",12
1347201,0,1,"Female",28,"Private",10
1347201,1,0,"Female",12,-99,
1347201,1,1,"Male",50,-99,
1413101,0,0,"Male",16,"Public",1
1413101,0,1,"Female",16,"Public",6
1413101,1,0,"Male",48,-99,
1413101,1,1,"Female",0,-99,
1413201,0,0,"Male",16,"Private",3
1413201,0,1,"Female",16,"Private",10
1413201,1,0,"Female",56,-99,
1413201,1,1,"Male",56,-99,
1418101,0,0,"Female",30,"Private",0
1418101,0,1,"Male",35,"Public",0
1418101,1,0,"Male",56,-99,
1418101,1,1,"Female",0,-99,
1418201,0,0,"Female",40,"Private",0
1418201,0,1,"Male",0,"Private",0
1418201,1,0,"Female",0,-99,
1418201,1,1,"Male",42,-99,
1418301,0,0,"Female",48,"Private",0
1418301,0,1,"Male",48,"Private",0
1418301,1,0,"Female",0,-99,
1418301,1,1,"Male",48,-99,
1418501,0,0,"Male",56,"Private",6
1418501,0,1,"Female",20,"Private",4
1418501,1,0,"Male",49,-99,
1418501,1,1,"Female",59,-99,
1421101,0,0,"Male",48,"Public",7
1421101,0,1,"Female",38,"Public",12
1421101,1,0,"Male",42,-99,
1421101,1,1,"Female",7,-99,
1421201,0,0,"Male",40,"Public",10
1421201,0,1,"Female",0,"Public",4
1421201,1,0,"Male",56,-99,
1421201,1,1,"Female",42,-99,
1423101,0,0,"Male",60,"Public",10
1423101,0,1,"Female",0,"Public",16
1423101,1,0,"Male",48,-99,
1423101,1,1,"Female",14,-99,
1423201,0,0,"Male",0,"Private",10
1423201,0,1,"Female",0,"Private",10
1423201,1,0,"Male",8,-99,
1423201,1,1,"Female",0,-99,
1423301,0,0,"Female",48,-99,0
1423301,0,1,"Male",48,-99,0
1423301,1,0,"Female",42,-99,
1423301,1,1,"Male",48,-99,
1444101,0,0,"Male",77,"Public",10
1444101,0,1,"Female",77,"Public",5
1444101,1,0,"Male",35,-99,
1444101,1,1,"Female",18,-99,
1444201,0,0,"Male",168,"Public",6
1444201,0,1,"Female",168,"Public",7
1444201,1,0,"Male",42,-99,
1444201,1,1,"Female",0,-99,
1444301,0,0,"Male",91,"Private",7
1444301,0,1,"Female",91,"Private",9
1444301,1,0,"Male",48,-99,
1444301,1,1,"Female",48,-99,
1447101,0,0,"Male",56,"Public",4
1447101,0,1,"Female",42,"Private",12
1447101,1,0,"Male",48,-99,
1447101,1,1,"Female",42,-99,
1447201,0,0,"Female",0,"Public",0
1447201,0,1,"Male",48,"Public",0
1447201,1,0,"Female",0,-99,
1447201,1,1,"Male",30,-99,
1513201,0,0,"Male",70,"Public",10
1513201,0,1,"Female",70,"Public",3
1513201,1,0,"Male",70,-99,
1513201,1,1,"Female",0,-99,
1518101,0,0,"Male",48,"Private",10
1518101,0,1,"Female",0,"Private",10
1518101,1,0,"Male",42,-99,
1518101,1,1,"Female",8,-99,
1544101,0,0,"Female",0,"Public",0
1544101,0,1,"Male",48,"Public",0
1544101,1,0,"Male",8,-99,
1544101,1,1,"Female",0,-99,
1547101,0,0,"Male",35,"Public",5
1547101,0,1,"Female",14,"Public",5
1547101,1,0,"Male",32,-99,
1547101,1,1,"Female",21,-99,
1613101,0,0,"Male",70,"Private",1
1613101,0,1,"Female",70,"Private",1
1613101,1,0,"Male",48,-99,
1613101,1,1,"Female",6,-99,
1613201,0,0,"Male",8,"Public",10
1613201,0,1,"Female",4,"Public",3
1613201,1,0,"Male",42,-99,
1613201,1,1,"Female",0,-99,
1613301,0,0,"Male",56,"Public",8
1613301,0,1,"Female",0,"Public",7
1613301,1,0,"Male",56,-99,
1613301,1,1,"Female",56,-99,
1618101,0,0,"Male",56,"Public",9
1618101,0,1,"Female",35,"Private",7
1618101,1,0,"Male",46,-99,
1618101,1,1,"Female",42,-99,
1618201,0,0,"Male",56,"Private",11
1618201,0,1,"Female",24,"Private",15
1618201,1,0,"Male",35,-99,
1618201,1,1,"Female",0,-99,
1618301,0,0,"Male",48,"Public",8
1618301,0,1,"Female",0,"Public",10
1618301,1,0,"Female",0,-99,
1618301,1,1,"Male",42,-99,
1618401,0,0,"Male",35,-99,12
1618401,0,1,"Female",6,-99,4
1621101,0,0,"Female",50,"Public",0
1621101,0,1,"Male",50,"Public",0
1621101,1,0,"Female",0,-99,
1621101,1,1,"Male",70,-99,
1623101,0,0,"Female",0,"Private",0
1623101,0,1,"Male",48,"Private",0
1623101,1,0,"Female",0,-99,
1623101,1,1,"Male",48,-99,
1623201,0,0,"Female",48,"Public",0
1623201,0,1,"Male",48,"Public",0
1623201,1,0,"Male",48,-99,
1623201,1,1,"Female",0,-99,
1644101,0,0,"Male",48,"Public",8
1644101,0,1,"Female",0,"Public",4
1644101,1,0,"Female",36,-99,
1644101,1,1,"Male",36,-99,
1644201,0,0,"Male",56,"Public",8
1644201,0,1,"Female",35,"Public",6
1644201,1,0,"Male",42,-99,
1644201,1,1,"Female",30,-99,
1647101,0,0,"Female",0,"Public",0
1647101,0,1,"Male",48,"Public",0
1647101,1,0,"Male",60,-99,
1647101,1,1,"Female",0,-99,
1647201,0,0,"Male",48,"Public",4
1647201,0,1,"Female",30,"Public",7
1647201,1,0,"Male",65,-99,
1647201,1,1,"Female",30,-99,
1647401,0,0,"Male",42,"Public",10
1647401,0,1,"Female",0,"Public",7
1647401,1,0,"Male",49,-99,
1647401,1,1,"Female",18,-99,
1647502,0,0,"Male",42,"Public",5
1647502,0,1,"Female",40,"Public",1
1647502,1,0,"Male",49,-99,
1647502,1,1,"Female",39,-99,
1714101,0,0,"Male",0,"Public",12
1714101,0,1,"Female",56,"Public",10
1714101,1,0,"Male",45,-99,
1714101,1,1,"Female",0,-99,
1732101,0,0,"Male",15,"Private",5
1732101,0,1,"Female",0,"Private",1
1732101,1,0,"Male",60,-99,
1732101,1,1,"Female",0,-99,
1732201,0,0,"Male",24,"Private",10
1732201,0,1,"Female",0,"Private",9
1732201,1,0,"Male",62,-99,
1732201,1,1,"Female",0,-99,
1732301,0,0,"Male",7,"Public",10
1732301,0,1,"Female",8,"Public",1
1732301,1,0,"Male",48,-99,
1732301,1,1,"Female",0,-99,
1736101,0,0,"Male",20,"Public",1
1736101,0,1,"Female",0,"Public",1
1736101,1,0,"Male",52,-99,
1736101,1,1,"Female",0,-99,
1736201,0,0,"Male",56,"Private",1
1736201,0,1,"Female",0,"Private",8
1736201,1,0,"Male",98,-99,
1736201,1,1,"Female",14,-99,
1736301,0,0,"Male",48,"Public",6
1736301,0,1,"Female",0,"Public",1
1736301,1,0,"Male",36,-99,
1736301,1,1,"Female",0,-99,
1745101,0,0,"Male",0,"Public",12
1745101,0,1,"Female",46,"Public",8
1745101,1,0,"Male",50,-99,
1745101,1,1,"Female",0,-99,
1745201,0,0,"Male",0,"Public",7
1745201,0,1,"Female",56,"Public",2
1745201,1,0,"Male",360,-99,
1745201,1,1,"Female",0,-99,
1745301,0,0,"Male",8,"Private",10
1745301,0,1,"Female",0,"Public",10
1745301,1,0,"Male",8,-99,
1745301,1,1,"Female",0,-99,
1745401,0,0,"Male",40,"Public",6
1745401,0,1,"Female",0,"Public",1
1745401,1,0,"Female",0,-99,
1745401,1,1,"Male",54,-99,
1745501,0,0,"Male",27,"Private",9
1745501,0,1,"Female",0,"Public",3
1745501,1,0,"Male",84,-99,
1745501,1,1,"Female",0,-99,
1914101,0,0,"Male",49,"Public",1
1914101,0,1,"Female",0,"Public",1
1914101,1,0,"Male",24,-99,
1914101,1,1,"Female",0,-99,
1914201,0,0,"Male",15,"Private",12
1914201,0,1,"Female",0,"Public",10
1914201,1,0,"Male",0,-99,
1914201,1,1,"Female",0,-99,
1925101,0,0,"Female",48,"Public",0
1925101,0,1,"Male",8,"Public",0
1925101,1,0,"Female",0,-99,
1925101,1,1,"Male",24,-99,
1925201,0,0,"Female",0,"Public",0
1925201,0,1,"Male",34,"Public",0
1925201,1,0,"Female",0,-99,
1925201,1,1,"Male",70,-99,
1925301,0,0,"Male",0,"Private",10
1925301,0,1,"Female",5,"Private",4
1925301,1,0,"Female",0,-99,
1925301,1,1,"Male",18,-99,
1930101,0,0,"Male",11,"Public",7
1930101,0,1,"Female",2,"Public",3
1930101,1,0,"Male",48,-99,
1930101,1,1,"Female",10,-99,
1930201,0,0,"Male",14,"Private",9
1930201,0,1,"Female",4,"Public",6
1930201,1,0,"Male",48,-99,
1930201,1,1,"Female",36,-99,
1932101,0,0,"Male",56,"Public",7
1932101,0,1,"Female",16,"Public",1
1932101,1,0,"Female",48,-99,
1932101,1,1,"Male",48,-99,
1932201,0,0,"Male",24,"Public",3
1932201,0,1,"Female",0,"Public",1
1932201,1,0,"Male",36,-99,
1932201,1,1,"Female",0,-99,
1932301,0,0,"Male",56,"Private",8
1932301,0,1,"Female",0,"Private",1
1932301,1,0,"Male",35,-99,
1932301,1,1,"Female",36,-99,
1936101,0,0,"Male",56,"Public",7
1936101,0,1,"Female",0,"Public",1
1936101,1,0,"Female",0,-99,
1936101,1,1,"Male",48,-99,
1936201,0,0,"Male",40,"Public",5
1936201,0,1,"Female",0,"Public",4
1936201,1,0,"Male",70,-99,
1936201,1,1,"Female",0,-99,
1936301,0,0,"Male",48,"Private",4
1936301,0,1,"Female",0,"Private",10
1936301,1,0,"Male",48,-99,
1936301,1,1,"Female",0,-99,
1945101,0,0,"Male",42,"Public",5
1945101,0,1,"Female",0,"Public",10
1945101,1,0,"Male",48,-99,
1945101,1,1,"Female",0,-99,
1945201,0,0,"Male",35,"Public",9
1945201,0,1,"Female",38,"Public",9
1945201,1,0,"Female",180,-99,
1945201,1,1,"Male",420,-99,
2128101,0,0,"Female",36,"Public",0
2128101,0,1,"Male",0,"Public",0
2128101,1,0,"Male",70,-99,
2128101,1,1,"Female",56,-99,
2128201,0,0,"Male",48,"Public",1
2128201,0,1,"Female",0,"Public",1
2128201,1,0,"Male",0,-99,
2128201,1,1,"Female",0,-99,
2128301,0,0,"Male",60,"Public",9
2128301,0,1,"Female",24,"Public",9
2128301,1,0,"Male",8,-99,
2128301,1,1,"Female",0,-99,
2134101,0,0,"Male",60,"Private",12
2134101,0,1,"Female",0,"Private",11
2134101,1,0,"Male",60,-99,
2134101,1,1,"Female",0,-99,
2134201,0,0,"Male",54,"Private",9
2134201,0,1,"Female",0,"Private",10
2134201,1,0,"Male",40,-99,
2134201,1,1,"Female",0,-99,
2134301,0,0,"Male",60,"Public",14
2134301,0,1,"Female",0,"Public",8
2134301,1,0,"Male",56,-99,
2134301,1,1,"Female",0,-99,
2134401,0,0,"Female",70,"Public",0
2134401,0,1,"Male",80,"Public",0
2134401,1,0,"Female",5,-99,
2134401,1,1,"Male",8,-99,
2146101,0,0,"Male",70,-99,7
2146101,0,1,"Female",0,-99,1
2146101,1,0,"Male",35,-99,
2146101,1,1,"Female",0,-99,
2146201,0,0,"Male",48,"Public",7
2146201,0,1,"Female",24,"Public",8
2146201,1,0,"Male",98,-99,
2146201,1,1,"Female",42,-99,
2146301,0,0,"Male",84,"Public",4
2146301,0,1,"Female",0,"Public",5
2146301,1,0,"Male",,-99,
2146301,1,1,"Female",56,-99,
2146401,0,0,"Male",70,-99,12
2146401,0,1,"Female",0,-99,7
2146401,1,0,"Male",49,-99,
2146401,1,1,"Female",0,-99,
2146501,0,0,"Male",77,"Public",9
2146501,0,1,"Female",0,"Public",5
2146501,1,0,"Male",72,-99,
2146501,1,1,"Female",0,-99,
2150101,0,0,"Male",24,"Public",5
2150101,0,1,"Female",72,"Public",10
2150101,1,0,"Female",0,-99,
2150101,1,1,"Male",70,-99,
2150201,0,0,"Female",24,"Public",0
2150201,0,1,"Male",72,"Public",0
2150201,1,0,"Male",56,-99,
2150201,1,1,"Female",0,-99,
2150301,0,0,"Female",24,"Public",0
2150301,0,1,"Male",72,"Public",0
2150301,1,0,"Male",420,-99,
2150301,1,1,"Female",0,-99,
2226101,0,0,"Male",48,"Public",1
2226101,0,1,"Female",0,"Public",1
2226101,1,0,"Female",0,-99,
2226101,1,1,"Male",8,-99,
2226201,0,0,"Male",24,"Private",10
2226201,0,1,"Female",0,"Private",1
2226201,1,0,"Male",28,-99,
2226201,1,1,"Female",21,-99,
2226301,0,0,"Female",0,"Private",0
2226301,0,1,"Male",48,"Public",0
2226301,1,0,"Female",0,-99,
2226301,1,1,"Male",9,-99,
2226401,0,0,"Male",72,"Private",12
2226401,0,1,"Female",24,"Private",13
2226401,1,0,"Male",60,-99,
2226401,1,1,"Female",0,-99,
2228101,0,0,"Male",48,"Public",7
2228101,0,1,"Female",0,"Public",10
2228101,1,0,"Female",0,-99,
2228101,1,1,"Male",56,-99,
2228201,0,0,"Male",48,"Public",1
2228201,0,1,"Female",0,"Public",1
2228201,1,0,"Female",0,-99,
2228201,1,1,"Male",63,-99,
2228301,0,0,"Female",0,"Public",0
2228301,0,1,"Male",30,"Public",0
2228301,1,0,"Male",42,-99,
2228301,1,1,"Female",21,-99,
2231101,0,0,"Female",36,"Private",0
2231101,0,1,"Male",36,"Private",0
2231101,1,0,"Female",0,-99,
2231101,1,1,"Male",36,-99,
2231201,0,0,"Female",52,"Private",0
2231201,0,1,"Male",52,"Private",0
2231201,1,0,"Male",49,-99,
2231201,1,1,"Female",0,-99,
2250101,0,0,"Male",72,-99,4
2250101,0,1,"Female",12,-99,1
2250101,1,0,"Male",480,-99,
2250101,1,1,"Female",0,-99,
2312101,0,0,"Male",32,"Private",12
2312101,0,1,"Female",0,"Private",1
2312101,1,0,"Male",30,-99,
2312101,1,1,"Female",18,-99,
2312201,0,0,"Male",56,"Private",7
2312201,0,1,"Female",0,"Private",13
2312201,1,0,"Female",0,-99,
2312201,1,1,"Male",350,-99,
2312301,0,0,"Male",60,"Private",4
2312301,0,1,"Female",42,"Private",8
2312301,1,0,"Male",0,-99,
2312301,1,1,"Female",0,-99,
2326101,0,0,"Female",0,"Private",0
2326101,0,1,"Male",48,"Private",0
2326101,1,0,"Male",7,-99,
2326101,1,1,"Female",0,-99,
2326201,0,0,"Female",48,"Public",0
2326201,0,1,"Male",0,"Public",0
2326201,1,0,"Female",0,-99,
2326201,1,1,"Male",48,-99,
2326301,0,0,"Female",0,"Private",0
2326301,0,1,"Male",32,"Private",0
2326301,1,0,"Male",42,-99,
2326301,1,1,"Female",0,-99,
2326401,0,0,"Female",0,"Private",0
2326401,0,1,"Male",40,"Public",0
2326401,1,0,"Female",0,-99,
2326401,1,1,"Male",30,-99,
2331101,0,0,"Male",70,"Private",7
2331101,0,1,"Female",70,"Private",4
2331101,1,0,"Male",48,-99,
2331101,1,1,"Female",0,-99,
2331201,0,0,"Male",54,"Public",7
2331201,0,1,"Female",54,"Public",15
2331201,1,0,"Male",42,-99,
2331201,1,1,"Female",0,-99,
2331301,0,0,"Male",48,-99,1
2331301,0,1,"Female",48,-99,6
2331301,1,0,"Male",49,-99,
2331301,1,1,"Female",0,-99,
2331401,0,0,"Male",32,"Private",10
2331401,0,1,"Female",0,"Private",12
2331401,1,0,"Male",24,-99,
2331401,1,1,"Female",0,-99,
2342101,0,0,"Male",21,"Private",7
2342101,0,1,"Female",0,"Private",4
2342101,1,0,"Male",36,-99,
2342101,1,1,"Female",0,-99,
2343101,0,0,"Male",48,"Private",10
2343101,0,1,"Female",0,"Private",12
2343101,1,0,"Male",52,-99,
2343101,1,1,"Female",0,-99,
2343201,0,0,"Male",0,"Public",10
2343201,0,1,"Female",0,"Public",1
2343201,1,0,"Female",0,-99,
2343201,1,1,"Male",20,-99,
2343301,0,0,"Male",27,"Public",1
2343301,0,1,"Female",0,"Public",1
2343301,1,0,"Male",42,-99,
2343301,1,1,"Female",0,-99,
2414101,0,0,"Male",20,-99,10
2414101,0,1,"Female",0,-99,1
2414201,0,0,"Male",48,"Public",7
2414201,0,1,"Female",48,"Public",8
2414201,1,0,"Male",35,-99,
2414201,1,1,"Female",49,-99,
2414301,0,0,"Male",21,"Public",1
2414301,0,1,"Female",0,"Public",10
2414301,1,0,"Male",28,-99,
2414301,1,1,"Female",35,-99,
2425101,0,0,"Male",48,"Public",3
2425101,0,1,"Female",0,"Public",5
2425101,1,0,"Male",49,-99,
2425101,1,1,"Female",0,-99,
2425301,0,0,"Male",16,-99,3
2425301,0,1,"Female",12,-99,7
2430101,0,0,"Male",360,"Public",1
2430101,0,1,"Female",5,"Public",1
2430101,1,0,"Male",480,-99,
2430101,1,1,"Female",210,-99,
2430201,0,0,"Female",0,"Public",0
2430201,0,1,"Male",5,"Public",0
2430201,1,0,"Male",36,-99,
2430201,1,1,"Female",0,-99,
2430301,0,0,"Female",0,"Public",0
2430301,0,1,"Male",5,"Public",0
2430301,1,0,"Male",63,-99,
2430301,1,1,"Female",0,-99,
2436101,0,0,"Male",56,-99,10
2436101,0,1,"Female",0,-99,10
2436101,1,0,"Female",0,-99,
2436101,1,1,"Male",70,-99,
2436201,0,0,"Male",64,"Private",10
2436201,0,1,"Female",0,"Private",12
2436201,1,0,"Male",48,-99,
2436201,1,1,"Female",0,-99,
2436301,0,0,"Male",56,"Public",1
2436301,0,1,"Female",0,"Public",1
2436301,1,0,"Male",45,-99,
2436301,1,1,"Female",0,-99,
2436401,0,0,"Male",30,"Public",7
2436401,0,1,"Female",0,"Public",1
2436401,1,0,"Male",40,-99,
2436401,1,1,"Female",0,-99,
2445101,0,0,"Female",0,"Public",0
2445101,0,1,"Male",56,"Public",0
2445101,1,0,"Male",40,-99,
2445101,1,1,"Female",0,-99,
2445201,0,0,"Male",48,"Public",10
2445201,0,1,"Female",0,"Public",1
2445201,1,0,"Male",56,-99,
2445201,1,1,"Female",0,-99,
2445301,0,0,"Male",56,"Public",1
2445301,0,1,"Female",36,"Public",1
2445301,1,0,"Male",70,-99,
2445301,1,1,"Female",56,-99,
2512101,0,0,"Female",48,"Public",0
2512101,0,1,"Male",48,"Public",0
2512101,1,0,"Female",22,-99,
2512101,1,1,"Male",18,-99,
2512301,0,0,"Female",0,"Public",0
2512301,0,1,"Male",56,"Public",0
2512301,1,0,"Male",56,-99,
2512301,1,1,"Female",0,-99,
2512401,0,0,"Male",32,"Public",15
2512401,0,1,"Female",0,"Public",9
2512401,1,0,"Male",48,-99,
2512401,1,1,"Female",70,-99,
2531101,0,0,"Male",48,"Private",8
2531101,0,1,"Female",48,"Public",1
2531101,1,0,"Male",32,-99,
2531101,1,1,"Female",0,-99,
2542101,0,0,"Male",40,"Public",1
2542101,0,1,"Female",0,"Public",3
2542101,1,0,"Male",75,-99,
2542101,1,1,"Female",49,-99,
2542201,0,0,"Male",0,"Public",7
2542201,0,1,"Female",0,"Public",1
2542201,1,0,"Female",0,-99,
2542201,1,1,"Male",56,-99,
2543101,0,0,"Male",0,"Public",1
2543101,0,1,"Female",0,"Public",1
2543101,1,0,"Male",0,-99,
2543101,1,1,"Female",0,-99,
2543301,0,0,"Male",0,"Public",12
2543301,0,1,"Female",0,"Public",15
2543301,1,0,"Female",0,-99,
2543301,1,1,"Male",56,-99,
2634101,0,0,"Male",48,"Public",10
2634101,0,1,"Female",6,"Private",10
2634101,1,0,"Male",56,-99,
2634101,1,1,"Female",21,-99,
2634201,0,0,"Male",60,"Public",7
2634201,0,1,"Female",0,"Public",1
2634201,1,0,"Male",30,-99,
2634201,1,1,"Female",0,-99,
2634301,0,0,"Male",48,"Public",12
2634301,0,1,"Female",0,"Public",10
2634301,1,0,"Male",38,-99,
2634301,1,1,"Female",0,-99,
2634401,0,0,"Male",56,"Public",12
2634401,0,1,"Female",0,"Public",10
2634401,1,0,"Male",36,-99,
2634401,1,1,"Female",0,-99,
2634501,0,0,"Male",48,"Private",1
2634501,0,1,"Female",0,"Private",10
2634501,1,0,"Male",35,-99,
2634501,1,1,"Female",0,-99,
2646101,0,0,"Male",70,"Public",1
2646101,0,1,"Female",0,"Public",1
2646101,1,0,"Male",75,-99,
2646101,1,1,"Female",30,-99,
2646201,0,0,"Male",77,-99,9
2646201,0,1,"Female",0,-99,15
2646201,1,0,"Male",36,-99,
2646201,1,1,"Female",0,-99,
2646301,0,0,"Male",70,-99,12
2646301,0,1,"Female",0,-99,15
2646301,1,0,"Male",36,-99,
2646301,1,1,"Female",0,-99,
2646401,0,0,"Male",0,"Private",15
2646401,0,1,"Female",46,"Private",15
2646401,1,0,"Male",83,-99,
2646401,1,1,"Female",72,-99,
2646501,0,0,"Male",70,"Private",12
2646501,0,1,"Female",0,"Public",1
2646501,1,0,"Male",300,-99,
2646501,1,1,"Female",360,-99,
2646601,0,0,"Male",70,-99,8
2646601,0,1,"Female",70,"Public",1
2646601,1,0,"Male",,-99,
2646601,1,1,"Female",36,-99,
2650201,0,0,"Male",72,"Public",10
2650201,0,1,"Female",24,"Public",10
2650201,1,0,"Male",420,-99,
2650201,1,1,"Female",0,-99,
2650301,0,0,"Female",24,"Public",0
2650301,0,1,"Male",72,"Public",0
2650301,1,0,"Male",56,-99,
2650301,1,1,"Female",0,-99,
2650401,0,0,"Female",0,"Public",0
2650401,0,1,"Male",48,"Public",0
2650401,1,0,"Male",56,-99,
2650401,1,1,"Female",0,-99,
2650501,0,0,"Male",60,"Private",9
2650501,0,1,"Female",12,"Private",12
2650501,1,0,"Female",14,-99,
2650501,1,1,"Male",48,-99,
2716101,0,0,"Male",0,"Public",7
2716101,0,1,"Female",0,"Public",1
2716101,1,0,"Male",0,-99,
2716101,1,1,"Female",56,-99,
2716201,0,0,"Male",16,"Private",9
2716201,0,1,"Female",0,"Private",10
2716201,1,0,"Male",0,-99,
2716201,1,1,"Female",0,-99,
2716301,0,0,"Male",6,"Public",9
2716301,0,1,"Female",0,"Public",7
2716301,1,0,"Male",20,-99,
2716301,1,1,"Female",0,-99,
2717101,0,0,"Male",42,"Public",4
2717101,0,1,"Female",0,"Public",9
2717101,1,0,"Female",0,-99,
2717101,1,1,"Male",48,-99,
2717201,0,0,"Female",7,"Private",0
2717201,0,1,"Male",14,"Private",0
2717201,1,0,"Male",56,-99,
2717201,1,1,"Female",56,-99,
2724101,0,0,"Male",48,"Public",10
2724101,0,1,"Female",0,"Public",10
2724101,1,0,"Male",0,-99,
2724101,1,1,"Female",0,-99,
2724201,0,0,"Female",0,"Public",0
2724201,0,1,"Male",0,"Public",0
2724201,1,0,"Female",56,-99,
2724201,1,1,"Male",68,-99,
2724301,0,0,"Male",42,"Public",10
2724301,0,1,"Female",0,"Public",7
2724301,1,0,"Male",42,-99,
2724301,1,1,"Female",0,-99,
2724401,0,0,"Female",0,"Public",0
2724401,0,1,"Male",48,"Public",0
2724401,1,0,"Female",56,-99,
2724401,1,1,"Male",24,-99,
2724501,0,0,"Female",36,"Public",0
2724501,0,1,"Male",51,"Public",0
2724501,1,0,"Male",28,-99,
2724501,1,1,"Female",49,-99,
2724601,0,0,"Male",48,-99,10
2724601,0,1,"Female",24,-99,11
2724601,1,0,"Female",0,-99,
2724601,1,1,"Male",0,-99,
2741101,0,0,"Male",48,"Private",10
2741101,0,1,"Female",0,"Private",10
2741101,1,0,"Female",0,-99,
2741101,1,1,"Male",24,-99,
2741201,0,0,"Male",48,"Public",1
2741201,0,1,"Female",0,"Public",10
2741201,1,0,"Female",0,-99,
2741201,1,1,"Male",0,-99,
3114101,0,0,"Female",56,"Public",0
3114101,0,1,"Male",16,"Public",0
3114101,1,0,"Male",48,-99,
3114101,1,1,"Female",48,-99,
3114201,0,0,"Male",56,"Private",10
3114201,0,1,"Female",56,"Public",10
3114201,1,0,"Female",64,-99,
3114201,1,1,"Male",56,-99,
3114301,0,0,"Male",48,"Public",4
3114301,0,1,"Female",40,"Public",8
3114301,1,0,"Male",36,-99,
3114301,1,1,"Female",30,-99,
3125101,0,0,"Female",5,-99,0
3125101,0,1,"Male",2,-99,0
3125201,0,0,"Female",9,"Private",0
3125201,0,1,"Male",27,"Private",0
3125201,1,0,"Male",30,-99,
3125201,1,1,"Female",36,-99,
3125301,0,0,"Female",0,"Private",0
3125301,0,1,"Male",0,"Private",0
3125301,1,0,"Male",88,-99,
3125301,1,1,"Female",48,-99,
3130101,0,0,"Male",56,"Private",12
3130101,0,1,"Female",56,"Private",8
3130101,1,0,"Male",40,-99,
3130101,1,1,"Female",14,-99,
3130301,0,0,"Female",7,"Public",0
3130301,0,1,"Male",10,"Public",0
3130301,1,0,"Male",70,-99,
3130301,1,1,"Female",14,-99,
3130401,0,0,"Male",4,"Private",10
3130401,0,1,"Female",4,"Private",12
3130401,1,0,"Male",55,-99,
3130401,1,1,"Female",0,-99,
3130501,0,0,"Female",0,"Public",0
3130501,0,1,"Male",9,"Public",0
3130501,1,0,"Male",35,-99,
3130501,1,1,"Female",0,-99,
3132101,0,0,"Male",16,"Private",12
3132101,0,1,"Female",0,"Private",7
3132101,1,0,"Male",27,-99,
3132101,1,1,"Female",18,-99,
3136101,0,0,"Male",56,-99,10
3136101,0,1,"Female",0,-99,11
3136101,1,0,"Male",20,-99,
3136101,1,1,"Female",4,-99,
3136201,0,0,"Male",0,"Public",1
3136201,0,1,"Female",0,"Public",10
3136201,1,0,"Male",0,-99,
3136201,1,1,"Female",18,-99,
3214101,0,0,"Female",0,"Public",0
3214101,0,1,"Male",32,"Public",0
3214101,1,0,"Male",40,-99,
3214101,1,1,"Female",0,-99,
3230101,0,0,"Male",0,"Public",10
3230101,0,1,"Female",10,"Public",10
3230101,1,0,"Female",48,-99,
3230101,1,1,"Male",62,-99,
3236101,0,0,"Male",35,"Public",12
3236101,0,1,"Female",0,"Public",10
3236101,1,0,"Male",56,-99,
3236101,1,1,"Female",48,-99,
3316101,0,0,"Male",8,-99,5
3316101,0,1,"Female",0,-99,0
3316101,1,0,"Male",48,-99,
3316101,1,1,"Female",48,-99,
3316301,0,0,"Male",60,-99,4
3316301,0,1,"Female",8,-99,12
3316301,1,0,"Female",30,-99,
3316301,1,1,"Male",30,-99,
3317101,0,0,"Male",48,"Public",2
3317101,0,1,"Female",6,"Public",5
3317101,1,0,"Male",49,-99,
3317101,1,1,"Female",0,-99,
3317201,0,0,"Male",0,"Public",6
3317201,0,1,"Female",54,"Public",0
3317201,1,0,"Female",48,-99,
3317201,1,1,"Male",48,-99,
3324101,0,0,"Male",0,"Private",5
3324101,0,1,"Female",0,"Private",0
3324101,1,0,"Male",63,-99,
3324101,1,1,"Female",49,-99,
3324201,0,0,"Male",48,"Private",10
3324201,0,1,"Female",18,"Public",8
3324201,1,0,"Male",42,-99,
3324201,1,1,"Female",0,-99,
3324301,0,0,"Female",60,"Public",0
3324301,0,1,"Male",28,"Public",0
3324301,1,0,"Male",42,-99,
3324301,1,1,"Female",42,-99,
3324401,0,0,"Male",41,"Public",10
3324401,0,1,"Female",0,"Public",10
3324401,1,0,"Male",56,-99,
3324401,1,1,"Female",25,-99,
3335101,0,0,"Male",20,"Public",
3335101,0,1,"Female",20,"Public",
3335101,1,0,"Male",54,-99,
3335101,1,1,"Female",48,-99,
3335201,0,0,"Male",0,"Public",7
3335201,0,1,"Female",45,"Public",11
3335201,1,0,"Female",0,-99,
3335201,1,1,"Male",49,-99,
3335301,0,0,"Male",54,"Public",0
3335301,0,1,"Female",54,"Public",0
3335301,1,0,"Male",48,-99,
3335301,1,1,"Female",0,-99,
3335302,0,0,"Male",54,"Public",0
3335302,0,1,"Female",54,"Public",0
3335302,1,0,"Male",48,-99,
3335302,1,1,"Female",0,-99,
3339101,0,0,"Female",0,-99,0
3339101,0,1,"Male",8,-99,0
3339101,1,0,"Male",63,-99,
3339101,1,1,"Female",7,-99,
3341101,0,0,"Male",,"Public",
3341101,0,1,"Female",0,"Public",
3341101,1,0,"Male",,-99,
3341101,1,1,"Female",48,-99,
3341201,0,0,"Male",40,"Public",8
3341201,0,1,"Female",8,"Public",12
3341201,1,0,"Male",63,-99,
3341201,1,1,"Female",0,-99,
3341301,0,0,"Female",40,"Public",0
3341301,0,1,"Male",54,"Public",0
3341301,1,0,"Male",36,-99,
3341301,1,1,"Female",0,-99,
3416101,0,0,"Male",8,"Public",12
3416101,0,1,"Female",0,"Public",6
3416101,1,0,"Male",18,-99,
3416101,1,1,"Female",0,-99,
3417101,0,0,"Male",6,"Private",10
3417101,0,1,"Female",6,"Public",5
3417101,1,0,"Female",0,-99,
3417101,1,1,"Male",0,-99,
3429101,0,0,"Male",5,"Public",0
3429101,0,1,"Female",4,"Public",3
3429101,1,0,"Male",56,-99,
3429101,1,1,"Female",66,-99,
3429201,0,0,"Female",5,"Public",
3429201,0,1,"Male",5,"Public",
3429201,1,0,"Male",0,-99,
3429201,1,1,"Female",32,-99,
3435101,0,0,"Male",48,"Public",5
3435101,0,1,"Female",0,"Public",12
3435101,1,0,"Male",63,-99,
3435101,1,1,"Female",28,-99,
3435201,0,0,"Male",26,"Public",7
3435201,0,1,"Female",5,"Public",1
3435201,1,0,"Male",70,-99,
3435201,1,1,"Female",31.5,-99,
3435301,0,0,"Male",45,-99,
3435301,0,1,"Female",0,-99,
3435302,0,0,"Male",45,-99,
3435302,0,1,"Female",0,-99,
3435401,0,0,"Male",50,"Public",
3435401,0,1,"Female",0,"Public",
3435401,1,0,"Male",48,-99,
3435401,1,1,"Female",48,-99,
3441101,0,0,"Female",4,"Public",0
3441101,0,1,"Male",6,"Public",0
3441101,1,0,"Female",25,-99,
3441101,1,1,"Male",0,-99,
3441201,0,0,"Male",,"Public",
3441201,0,1,"Female",32,"Public",
3441201,1,0,"Male",,-99,
3441201,1,1,"Female",24,-99,
3516101,0,0,"Female",72,"Public",0
3516101,0,1,"Male",5,"Private",0
3516101,1,0,"Male",12,-99,
3516101,1,1,"Female",0,-99,
3516201,0,0,"Male",3,-99,9
3516201,0,1,"Female",6,-99,8
3516201,1,0,"Male",70,-99,
3516201,1,1,"Female",0,-99,
3516301,0,0,"Male",3,-99,10
3516301,0,1,"Female",6,-99,9
3516301,1,0,"Female",42,-99,
3516301,1,1,"Male",42,-99,
3516401,0,0,"Male",42,-99,9
3516401,0,1,"Female",7,-99,8
3516401,1,0,"Male",84,-99,
3516401,1,1,"Female",54,-99,
3517101,0,0,"Male",32,-99,5
3517101,0,1,"Female",32,-99,7
3517101,1,0,"Male",48,-99,
3517101,1,1,"Female",48,-99,
3524101,0,0,"Female",45,-99,0
3524101,0,1,"Male",48,-99,0
3524101,1,0,"Female",0,-99,
3524101,1,1,"Male",56,-99,
3524201,0,0,"Male",35,"Public",9
3524201,0,1,"Female",40,"Public",2
3524201,1,0,"Male",0,-99,
3524201,1,1,"Female",0,-99,
3524302,0,0,"Male",49,-99,10
3524302,0,1,"Female",35,-99,10
3524302,1,0,"Female",42,-99,
3524302,1,1,"Male",42,-99,
3535101,0,0,"Male",24,"Private",7
3535101,0,1,"Female",0,"Private",10
3535101,1,0,"Female",0,-99,
3535101,1,1,"Male",56,-99,
3535201,0,0,"Male",66,"Private",10
3535201,0,1,"Female",36,"Private",10
3535201,1,0,"Female",0,-99,
3535201,1,1,"Male",24,-99,
3535401,0,0,"Female",66,"Private",0
3535401,0,1,"Male",0,"Private",0
3535401,1,0,"Male",49,-99,
3535401,1,1,"Female",48,-99,
3539101,0,0,"Male",0,-99,7
3539101,0,1,"Female",54,-99,7
3539101,1,0,"Male",0,-99,
3539101,1,1,"Female",36,-99,
3539201,0,0,"Male",60,-99,12
3539201,0,1,"Female",35,-99,7
3539201,1,0,"Male",72,-99,
3539201,1,1,"Female",0,-99,
3541101,0,0,"Female",64,"Public",0
3541101,0,1,"Male",0,"Public",0
3541101,1,0,"Male",70,-99,
3541101,1,1,"Female",7,-99,
3541201,0,0,"Male",56,"Public",7
3541201,0,1,"Female",0,"Public",10
3541201,1,0,"Male",56,-99,
3541201,1,1,"Female",0,-99,
3541301,0,0,"Male",40,"Public",5
3541301,0,1,"Female",32,"Public",10
3541301,1,0,"Male",36,-99,
3541301,1,1,"Female",40,-99,
3616101,0,0,"Male",0,-99,4
3616101,0,1,"Female",48,-99,7
3616101,1,0,"Male",24,-99,
3616101,1,1,"Female",70,-99,
3616201,0,0,"Male",24,"Public",10
3616201,0,1,"Female",0,"Public",8
3616201,1,0,"Male",40,-99,
3616201,1,1,"Female",0,-99,
3616301,0,0,"Male",24,"Private",10
3616301,0,1,"Female",72,"Private",3
3616301,1,0,"Male",56,-99,
3616301,1,1,"Female",56,-99,
3617101,0,0,"Male",32,"Public",4
3617101,0,1,"Female",0,"Public",5
3617101,1,0,"Male",44,-99,
3617101,1,1,"Female",0,-99,
3617201,0,0,"Male",12,"Private",1
3617201,0,1,"Female",0,"Private",2
3617201,1,0,"Male",70,-99,
3617201,1,1,"Female",0,-99,
3617301,0,0,"Male",10,"Public",1
3617301,0,1,"Female",0,"Public",4
3617301,1,0,"Female",28,-99,
3617301,1,1,"Male",28,-99,
3624101,0,0,"Male",46,"Private",5
3624101,0,1,"Female",0,"Private",3
3624101,1,0,"Male",56,-99,
3624101,1,1,"Female",56,-99,
3624201,0,0,"Male",28,"Public",5
3624201,0,1,"Female",0,"Public",3
3624201,1,0,"Male",98,-99,
3624201,1,1,"Female",0,-99,
3624301,0,0,"Male",58,"Public",6
3624301,0,1,"Female",0,"Public",3
3624301,1,0,"Male",21,-99,
3624301,1,1,"Female",0,-99,
3639101,0,0,"Female",4,"Private",0
3639101,0,1,"Male",0,"Public",0
3639101,1,0,"Female",0,-99,
3639101,1,1,"Male",42,-99,
3639201,0,0,"Male",72,-99,9
3639201,0,1,"Female",0,-99,0
3639201,1,0,"Male",45,-99,
3639201,1,1,"Female",0,-99,
3639301,0,0,"Male",45,"Public",11
3639301,0,1,"Female",0,"Public",1
3639301,1,0,"Male",49,-99,
3639301,1,1,"Female",20,-99,
3639401,0,0,"Female",0,"Private",0
3639401,0,1,"Male",0,"Private",0
3639401,1,0,"Female",0,-99,
3639401,1,1,"Male",91,-99,
3641101,0,0,"Male",24,"Private",8
3641101,0,1,"Female",0,"Private",10
3641101,1,0,"Male",56,-99,
3641101,1,1,"Female",56,-99,
3641201,0,0,"Male",56,-99,7
3641201,0,1,"Female",0,-99,1
3641201,1,0,"Male",42,-99,
3641201,1,1,"Female",0,-99,
3641301,0,0,"Female",0,"Public",0
3641301,0,1,"Male",32,"Private",0
3641301,1,0,"Male",0,-99,
3641301,1,1,"Female",14,-99,
3716101,0,0,"Male",0,-99,1
3716101,0,1,"Female",0,-99,7
3716101,1,0,"Male",18,-99,
3716101,1,1,"Female",30,-99,
3716201,0,0,"Male",0,"Public",1
3716201,0,1,"Female",72,"Public",4
3716201,1,0,"Male",42,-99,
3716201,1,1,"Female",42,-99,
3716301,0,0,"Male",0,"Public",6
3716301,0,1,"Female",36,"Public",11
3716301,1,0,"Female",48,-99,
3716301,1,1,"Male",48,-99,
3717101,0,0,"Male",12,"Public",3
3717101,0,1,"Female",0,"Public",10
3717101,1,0,"Male",0,-99,
3717101,1,1,"Female",0,-99,
3717201,0,0,"Male",5,"Private",4
3717201,0,1,"Female",0,"Private",1
3717201,1,0,"Male",56,-99,
3717201,1,1,"Female",56,-99,
3717301,0,0,"Male",42,"Public",4
3717301,0,1,"Female",14,"Public",1
3717301,1,0,"Male",35,-99,
3717301,1,1,"Female",42,-99,
3724101,0,0,"Male",60,"Public",5
3724101,0,1,"Female",0,"Public",5
3724101,1,0,"Male",98,-99,
3724101,1,1,"Female",60,-99,
3724201,0,0,"Male",48,"Private",11
3724201,0,1,"Female",0,"Private",5
3724201,1,0,"Male",49,-99,
3724201,1,1,"Female",0,-99,
3724301,0,0,"Male",51,"Private",5
3724301,0,1,"Female",0,"Private",10
3724301,1,0,"Male",66,-99,
3724301,1,1,"Female",14,-99,
3739101,0,0,"Male",0,"Private",10
3739101,0,1,"Female",0,"Private",12
3739101,1,0,"Female",0,-99,
3739101,1,1,"Male",56,-99,
3739201,0,0,"Female",0,"Public",0
3739201,0,1,"Male",86,"Public",0
3739201,1,0,"Male",42,-99,
3739201,1,1,"Female",0,-99,
3739301,0,0,"Male",0,"Public",0
3739301,0,1,"Female",40,"Public",0
3739301,1,0,"Male",42,-99,
3739301,1,1,"Female",56,-99,
3739401,0,0,"Male",0,"Public",0
3739401,0,1,"Female",0,"Public",0
3739401,1,0,"Female",0,-99,
3739401,1,1,"Male",0,-99,
3741101,0,0,"Male",32,-99,10
3741101,0,1,"Female",0,-99,1
3741101,1,0,"Female",0,-99,
3741101,1,1,"Male",48,-99,
3741201,0,0,"Male",56,"Private",7
3741201,0,1,"Female",0,"Private",1
3741201,1,0,"Male",42,-99,
3741201,1,1,"Female",49,-99,
3741301,0,0,"Female",32,"Public",0
3741301,0,1,"Male",0,"Public",0
3741301,1,0,"Male",56,-99,
3741301,1,1,"Female",56,-99,
3816101,0,0,"Male",3,"Public",
3816101,0,1,"Female",0,"Public",
3816101,1,0,"Male",35,-99,
3816101,1,1,"Female",35,-99,
3816201,0,0,"Male",8,"Public",1
3816201,0,1,"Female",0,"Public",1
3816201,1,0,"Male",28,-99,
3816201,1,1,"Female",28,-99,
3816301,0,0,"Female",0,"Private",0
3816301,0,1,"Male",0,"Public",0
3816301,1,0,"Male",72,-99,
3816301,1,1,"Female",0,-99,
3817101,0,0,"Male",3,"Public",1
3817101,0,1,"Female",6,"Public",1
3817101,1,0,"Male",56,-99,
3817101,1,1,"Female",49,-99,
3817201,0,0,"Female",5,"Public",0
3817201,0,1,"Male",4,"Public",0
3817201,1,0,"Female",42,-99,
3817201,1,1,"Male",42,-99,
3824101,0,0,"Male",50,"Private",10
3824101,0,1,"Female",0,"Public",5
3824101,1,0,"Male",35,-99,
3824101,1,1,"Female",70,-99,
3824201,0,0,"Male",6,"Public",
3824201,0,1,"Female",0,"Public",
3824201,1,0,"Male",72,-99,
3824201,1,1,"Female",0,-99,
3824301,0,0,"Male",24,"Public",10
3824301,0,1,"Female",0,"Public",8
3824301,1,0,"Male",60,-99,
3824301,1,1,"Female",0,-99,
3824401,0,0,"Female",48,"Public",0
3824401,0,1,"Male",58,"Public",0
3824401,1,0,"Male",0,-99,
3824401,1,1,"Female",0,-99,
3839101,0,0,"Male",24,"Public",
3839101,0,1,"Female",24,"Public",
3839101,1,0,"Male",36,-99,
3839101,1,1,"Female",15,-99,
3839201,0,0,"Female",0,-99,0
3839201,0,1,"Male",0,"Public",0
3839201,1,0,"Male",,-99,
3839201,1,1,"Female",24,-99,
3839301,0,0,"Female",18,"Private",0
3839301,0,1,"Male",0,"Private",0
3839301,1,0,"Male",36,-99,
3839301,1,1,"Female",0,-99,
3839401,0,0,"Male",6,"Public",
3839401,0,1,"Female",0,"Public",
3839401,1,0,"Male",70,-99,
3839401,1,1,"Female",30,-99,
3841101,0,0,"Male",56,-99,9
3841101,0,1,"Female",0,-99,1
3841101,1,0,"Female",25,-99,
3841101,1,1,"Male",70,-99,
3841201,0,0,"Male",0,"Public",5
3841201,0,1,"Female",0,"Public",7
3841201,1,0,"Male",70,-99,
3841201,1,1,"Female",0,-99,
3841301,0,0,"Male",48,"Public",7
3841301,0,1,"Female",0,"Public",1
3841301,1,0,"Male",56,-99,
3841301,1,1,"Female",0,-99,
3916101,0,0,"Female",0,"Private",0
3916101,0,1,"Male",0,"Private",0
3916101,1,0,"Female",56,-99,
3916101,1,1,"Male",56,-99,
3916401,0,0,"Male",0,-99,1
3916401,0,1,"Female",32,-99,1
3916401,1,0,"Female",0,-99,
3916401,1,1,"Male",72,-99,
3916501,0,0,"Male",54,"Public",1
3916501,0,1,"Female",0,"Public",9
3916501,1,0,"Male",60,-99,
3916501,1,1,"Female",56,-99,
3924101,0,0,"Male",60,"Public",11
3924101,0,1,"Female",0,"Public",4
3924101,1,0,"Male",56,-99,
3924101,1,1,"Female",0,-99,
3924201,0,0,"Male",72,-99,
3924201,0,1,"Female",0,-99,
3924201,1,0,"Male",28,-99,
3924201,1,1,"Female",0,-99,
3924301,0,0,"Male",65,-99,7
3924301,0,1,"Female",0,-99,10
3924301,1,0,"Female",0,-99,
3924301,1,1,"Male",24,-99,
3924401,0,0,"Male",20,-99,10
3924401,0,1,"Female",0,-99,5
3924401,1,0,"Male",56,-99,
3924401,1,1,"Female",0,-99,
3924501,0,0,"Male",51,-99,10
3924501,0,1,"Female",30,-99,10
3924501,1,0,"Female",36,-99,
3924501,1,1,"Male",48,-99,
3924601,0,0,"Male",48,-99,10
3924601,0,1,"Female",0,"Public",10
3924601,1,0,"Male",,-99,
3924601,1,1,"Female",32,-99,
3941201,0,0,"Male",,-99,
3941201,0,1,"Female",0,-99,
3941201,1,0,"Male",,-99,
3941201,1,1,"Female",42,-99,
3941301,0,0,"Male",,"Public",
3941301,0,1,"Female",40,"Public",
3941301,1,0,"Male",36,-99,
3941301,1,1,"Female",36,-99,
3941401,0,0,"Male",24,"Private",1
3941401,0,1,"Female",32,"Private",1
3941401,1,0,"Male",52,-99,
3941401,1,1,"Female",42,-99,
4016101,0,0,"Male",16,"Public",9
4016101,0,1,"Female",5,"Public",5
4016101,1,0,"Male",0,-99,
4016101,1,1,"Female",30,-99,
4016301,0,0,"Male",6,"Public",1
4016301,0,1,"Female",72,"Public",10
4016301,1,0,"Male",42,-99,
4016301,1,1,"Female",0,-99,
4016401,0,0,"Male",80,"Private",0
4016401,0,1,"Female",5,"Private",12
4016401,1,0,"Female",0,-99,
4016401,1,1,"Male",48,-99,
4016501,0,0,"Male",0,"Private",10
4016501,0,1,"Female",48,"Public",12
4016501,1,0,"Male",48,-99,
4016501,1,1,"Female",48,-99,
4017101,0,0,"Male",4,"Public",5
4017101,0,1,"Female",6,"Public",5
4017101,1,0,"Male",28,-99,
4017101,1,1,"Female",40,-99,
4024101,0,0,"Male",30,"Public",8
4024101,0,1,"Female",36,"Public",10
4024101,1,0,"Male",7,-99,
4024101,1,1,"Female",24,-99,
4024201,0,0,"Male",50,"Public",10
4024201,0,1,"Female",6,"Public",10
4024201,1,0,"Female",0,-99,
4024201,1,1,"Male",0,-99,
4035101,0,0,"Male",48,"Private",3
4035101,0,1,"Female",0,"Private",6
4035101,1,0,"Male",84,-99,
4035101,1,1,"Female",0,-99,
4035201,0,0,"Male",0,"Public",12
4035201,0,1,"Female",6,"Public",4
4035201,1,0,"Female",30,-99,
4035201,1,1,"Male",54,-99,
4035401,0,0,"Male",0,"Public",3
4035401,0,1,"Female",20,"Public",3
4035401,1,0,"Male",0,-99,
4035401,1,1,"Female",42,-99,
4039101,0,0,"Male",0,"Public",0
4039101,0,1,"Female",0,"Private",0
4039101,1,0,"Male",0,-99,
4039101,1,1,"Female",36,-99,
4041101,0,0,"Male",48,"Public",10
4041101,0,1,"Female",0,"Public",0
4041101,1,0,"Male",35,-99,
4041101,1,1,"Female",0,-99,
4116101,0,0,"Female",0,"Public",0
4116101,0,1,"Male",4,"Private",0
4116101,1,0,"Male",84,-99,
4116101,1,1,"Female",48,-99,
4116201,0,0,"Male",8,-99,2
4116201,0,1,"Female",36,-99,9
4116201,1,0,"Male",48,-99,
4116201,1,1,"Female",54,-99,
4117101,0,0,"Female",8,"Private",0
4117101,0,1,"Male",8,"Private",0
4117101,1,0,"Female",0,-99,
4117101,1,1,"Male",14,-99,
4117301,0,0,"Male",0,"Public",4
4117301,0,1,"Female",0,"Public",5
4117301,1,0,"Female",0,-99,
4117301,1,1,"Male",56,-99,
4124101,0,0,"Male",0,-99,4
4124101,0,1,"Female",30,-99,9
4124101,1,0,"Male",120,-99,
4124101,1,1,"Female",6,-99,
4124201,0,0,"Male",8,"Public",9
4124201,0,1,"Female",0,"Public",8
4124201,1,0,"Female",35,-99,
4124201,1,1,"Male",42,-99,
4124301,0,0,"Male",4,"Public",5
4124301,0,1,"Female",0,"Public",0
4124301,1,0,"Male",0,-99,
4124301,1,1,"Female",35,-99,
4129101,0,0,"Female",5,-99,0
4129101,0,1,"Male",5,-99,0
4129101,1,0,"Male",70,-99,
4129101,1,1,"Female",0,-99,
4129201,0,0,"Female",5,"Public",0
4129201,0,1,"Male",5,"Public",0
4129201,1,0,"Male",48,-99,
4129201,1,1,"Female",60,-99,
4135101,0,0,"Female",0,"Private",0
4135101,0,1,"Male",54,"Private",0
4135101,1,0,"Male",42,-99,
4135101,1,1,"Female",42,-99,
4139101,0,0,"Female",0,"Public",0
4139101,0,1,"Male",12,"Public",0
4139101,1,0,"Male",36,-99,
4139101,1,1,"Female",0,-99,
4139201,0,0,"Female",10,"Public",0
4139201,0,1,"Male",5,"Public",0
4139201,1,0,"Male",54,-99,
4139201,1,1,"Female",48,-99,
4141101,0,0,"Male",4,"Private",0
4141101,0,1,"Female",4,"Private",10
4141101,1,0,"Male",54,-99,
4141101,1,1,"Female",48,-99,
4141201,0,0,"Male",24,"Private",12
4141201,0,1,"Female",0,"Private",10
4141201,1,0,"Female",16,-99,
4141201,1,1,"Male",42,-99,
4416101,0,0,"Male",48,"Public",1
4416101,0,1,"Female",0,"Public",1
4416101,1,0,"Male",84,-99,
4416101,1,1,"Female",54,-99,
4417401,0,0,"Female",4,-99,0
4417401,0,1,"Male",6,-99,0
4417401,1,0,"Female",0,-99,
4417401,1,1,"Male",30,-99,
4417501,0,0,"Male",84,"Public",9
4417501,0,1,"Female",0,"Public",10
4417501,1,0,"Male",72,-99,
4417501,1,1,"Female",18,-99,
4417601,0,0,"Male",48,-99,10
4417601,0,1,"Female",54,-99,10
4417601,1,0,"Male",56,-99,
4417601,1,1,"Female",49,-99,
4417701,0,0,"Male",36,"Public",4
4417701,0,1,"Female",58,"Public",7
4417701,1,0,"Male",49,-99,
4417701,1,1,"Female",49,-99,
4417801,0,0,"Male",8,"Private",10
4417801,0,1,"Female",6,"Private",10
4417801,1,0,"Male",0,-99,
4417801,1,1,"Female",21,-99,
4424101,0,0,"Female",40,"Public",0
4424101,0,1,"Male",55,"Private",0
4424101,1,0,"Male",49,-99,
4424101,1,1,"Female",0,-99,
4424201,0,0,"Male",56,"Public",11
4424201,0,1,"Female",48,"Public",3
4424201,1,0,"Male",48,-99,
4424201,1,1,"Female",42,-99,
4439101,0,0,"Male",0,"Public",7
4439101,0,1,"Female",0,"Public",6
4439101,1,0,"Male",0,-99,
4439101,1,1,"Female",14,-99,
4439201,0,0,"Female",0,"Private",0
4439201,0,1,"Male",40,"Private",0
4439201,1,0,"Male",36,-99,
4439201,1,1,"Female",0,-99,
4439301,0,0,"Male",0,"Private",12
4439301,0,1,"Female",48,"Private",10
4439301,1,0,"Male",84,-99,
4439301,1,1,"Female",0,-99,
4439401,0,0,"Male",0,"Private",6
4439401,0,1,"Female",0,"Private",12
4439401,1,0,"Male",54,-99,
4439401,1,1,"Female",0,-99,
4439501,0,0,"Female",24,"Public",0
4439501,0,1,"Male",0,"Public",0
4439501,1,0,"Male",48,-99,
4439501,1,1,"Female",0,-99,
4439601,0,0,"Male",8,"Private",10
4439601,0,1,"Female",0,"Public",10
4439601,1,0,"Male",56,-99,
4439601,1,1,"Female",36,-99,
4439701,0,0,"Male",70,-99,11
4439701,0,1,"Female",0,-99,12
4439701,1,0,"Male",70,-99,
4439701,1,1,"Female",14,-99,
4513101,0,0,"Male",78,"Private",7
4513101,0,1,"Female",78,"Private",1
4513101,1,0,"Male",56,-99,
4513101,1,1,"Female",0,-99,
4513201,0,0,"Male",36,"Public",7
4513201,0,1,"Female",36,"Public",1
4513201,1,0,"Male",32,-99,
4513201,1,1,"Female",0,-99,
4518101,0,0,"Male",16,"Private",10
4518101,0,1,"Female",48,"Private",4
4518101,1,0,"Female",56,-99,
4518101,1,1,"Male",42,-99,
4518201,0,0,"Male",0,"Public",7
4518201,0,1,"Female",36,"Public",12
4518201,1,0,"Female",0,-99,
4518201,1,1,"Male",36,-99,
4518301,0,0,"Male",56,"Public",6
4518301,0,1,"Female",20,"Public",1
4518301,1,0,"Female",0,-99,
4518301,1,1,"Male",48,-99,
4518401,0,0,"Male",48,"Private",10
4518401,0,1,"Female",48,"Private",10
4518401,1,0,"Male",18,-99,
4518401,1,1,"Female",18,-99,
4518501,0,0,"Female",48,"Public",0
4518501,0,1,"Male",48,"Public",0
4518501,1,0,"Male",77,-99,
4518501,1,1,"Female",0,-99,
4518601,0,0,"Male",48,"Public",10
4518601,0,1,"Female",0,"Public",12
4518601,1,0,"Male",48,-99,
4518601,1,1,"Female",20,-99,
4521101,0,0,"Male",35,"Private",10
4521101,0,1,"Female",0,"Public",10
4521101,1,0,"Female",0,-99,
4521101,1,1,"Male",42,-99,
4521201,0,0,"Male",70,-99,4
4521201,0,1,"Female",0,-99,4
4523101,0,0,"Female",0,"Public",0
4523101,0,1,"Male",48,"Public",0
4523101,1,0,"Female",0,-99,
4523101,1,1,"Male",42,-99,
4523201,0,0,"Male",48,"Public",0
4523201,0,1,"Female",48,"Public",8
4523201,1,0,"Male",49,-99,
4523201,1,1,"Female",28,-99,
4523301,0,0,"Female",0,"Private",0
4523301,0,1,"Male",48,"Private",0
4523301,1,0,"Female",0,-99,
4523301,1,1,"Male",88,-99,
4523401,0,0,"Male",25,"Private",10
4523401,0,1,"Female",0,"Private",9
4523401,1,0,"Male",48,-99,
4523401,1,1,"Female",0,-99,
4544101,0,0,"Female",168,"Public",0
4544101,0,1,"Male",168,"Public",0
4544101,1,0,"Female",0,-99,
4544101,1,1,"Male",48,-99,
4547201,0,0,"Male",30,"Public",7
4547201,0,1,"Female",20,"Public",1
4547201,1,0,"Male",32,-99,
4547201,1,1,"Female",14,-99,
4613101,0,0,"Male",48,"Public",3
4613101,0,1,"Female",42,"Public",7
4613101,1,0,"Female",49,-99,
4613101,1,1,"Male",56,-99,
4613201,0,0,"Male",48,"Public",5
4613201,0,1,"Female",48,"Public",3
4613201,1,0,"Male",73,-99,
4613201,1,1,"Female",73,-99,
4621101,0,0,"Male",48,"Public",1
4621101,0,1,"Female",0,"Public",4
4621101,1,0,"Male",42,-99,
4621101,1,1,"Female",0,-99,
4644101,0,0,"Male",48,"Public",7
4644101,0,1,"Female",48,"Public",12
4644101,1,0,"Male",66,-99,
4644101,1,1,"Female",42,-99,
4647101,0,0,"Male",56,-99,4
4647101,0,1,"Female",36,"Public",4
4647101,1,0,"Male",,-99,
4647101,1,1,"Female",64,-99,
4713101,0,0,"Male",120,"Private",11
4713101,0,1,"Female",120,"Public",10
4713101,1,0,"Female",0,-99,
4713101,1,1,"Male",21,-99,
4713201,0,0,"Male",30,"Public",10
4713201,0,1,"Female",30,"Public",5
4713201,1,0,"Male",35,-99,
4713201,1,1,"Female",14,-99,
4713301,0,0,"Male",48,"Private",4
4713301,0,1,"Female",48,"Private",10
4713301,1,0,"Male",48,-99,
4713301,1,1,"Female",24,-99,
4718101,0,0,"Female",48,"Private",0
4718101,0,1,"Male",0,"Private",0
4718101,1,0,"Male",36,-99,
4718101,1,1,"Female",0,-99,
4718201,0,0,"Male",48,-99,1
4718201,0,1,"Female",0,-99,8
4718201,1,0,"Female",0,-99,
4718201,1,1,"Male",35,-99,
4721101,0,0,"Male",35,"Public",6
4721101,0,1,"Female",25,"Private",1
4721101,1,0,"Male",48,-99,
4721101,1,1,"Female",48,-99,
4721201,0,0,"Female",0,"Public",0
4721201,0,1,"Male",35,"Public",0
4721201,1,0,"Male",24,-99,
4721201,1,1,"Female",0,-99,
4723101,0,0,"Female",0,"Public",
4723101,0,1,"Male",48,"Public",
4723101,1,0,"Female",28,-99,
4723101,1,1,"Male",24,-99,
4723201,0,0,"Male",60,"Public",7
4723201,0,1,"Female",0,"Public",3
4723201,1,0,"Male",20,-99,
4723201,1,1,"Female",0,-99,
4723301,0,0,"Male",42,"Private",7
4723301,0,1,"Female",42,"Private",7
4723301,1,0,"Female",16,-99,
4723301,1,1,"Male",32,-99,
4744201,0,0,"Male",96,"Public",7
4744201,0,1,"Female",96,"Public",15
4744201,1,0,"Male",42,-99,
4744201,1,1,"Female",24,-99,
4747101,0,0,"Male",48,"Public",10
4747101,0,1,"Female",30,"Private",5
4747101,1,0,"Male",0,-99,
4747101,1,1,"Female",0,-99,
4747201,0,0,"Male",56,"Public",1
4747201,0,1,"Female",36,"Public",1
4747201,1,0,"Male",60,-99,
4747201,1,1,"Female",0,-99,
4813101,0,0,"Male",144,"Private",10
4813101,0,1,"Female",144,"Private",7
4813101,1,0,"Female",0,-99,
4813101,1,1,"Male",28,-99,
4813201,0,0,"Male",60,"Private",10
4813201,0,1,"Female",60,"Private",8
4813201,1,0,"Male",48,-99,
4813201,1,1,"Female",0,-99,
4818101,0,0,"Female",48,"Public",0
4818101,0,1,"Male",48,"Public",0
4818101,1,0,"Male",56,-99,
4818101,1,1,"Female",56,-99,
4818201,0,0,"Male",56,"Public",7
4818201,0,1,"Female",36,"Public",5
4818201,1,0,"Male",60,-99,
4818201,1,1,"Female",0,-99,
4821101,0,0,"Male",45,"Private",6
4821101,0,1,"Female",0,"Public",10
4821101,1,0,"Male",42,-99,
4821101,1,1,"Female",42,-99,
4821201,0,0,"Male",48,"Private",1
4821201,0,1,"Female",0,"Private",6
4821201,1,0,"Male",84,-99,
4821201,1,1,"Female",0,-99,
4821301,0,0,"Male",48,"Public",7
4821301,0,1,"Female",0,"Public",3
4821301,1,0,"Male",60,-99,
4821301,1,1,"Female",0,-99,
4823101,0,0,"Male",48,"Private",
4823101,0,1,"Female",48,"Private",
4823101,1,0,"Female",56,-99,
4823101,1,1,"Male",56,-99,
4823201,0,0,"Male",48,"Public",
4823201,0,1,"Female",48,"Public",
4823201,1,0,"Male",48,-99,
4823201,1,1,"Female",0,-99,
4823301,0,0,"Female",0,"Private",0
4823301,0,1,"Male",48,"Public",0
4823301,1,0,"Male",56,-99,
4823301,1,1,"Female",56,-99,
4823401,0,0,"Female",48,"Private",0
4823401,0,1,"Male",0,"Private",0
4823401,1,0,"Male",56,-99,
4823401,1,1,"Female",56,-99,
4844101,0,0,"Male",60,"Private",2
4844101,0,1,"Female",60,"Private",10
4844101,1,0,"Male",60,-99,
4844101,1,1,"Female",48,-99,
4844201,0,0,"Male",48,"Public",12
4844201,0,1,"Female",48,"Public",10
4844201,1,0,"Male",48,-99,
4844201,1,1,"Female",18,-99,
4847101,0,0,"Male",48,"Private",9
4847101,0,1,"Female",48,"Private",6
4847101,1,0,"Male",0,-99,
4847101,1,1,"Female",0,-99,
4847301,0,0,"Female",48,"Private",0
4847301,0,1,"Male",48,"Private",0
4847301,1,0,"Male",63,-99,
4847301,1,1,"Female",0,-99,
4913101,0,0,"Male",180,"Public",1
4913101,0,1,"Female",180,"Public",2
4913101,1,0,"Male",48,-99,
4913101,1,1,"Female",48,-99,
4913201,0,0,"Male",60,"Private",5
4913201,0,1,"Female",60,"Private",2
4913201,1,0,"Male",48,-99,
4913201,1,1,"Female",0,-99,
4913301,0,0,"Male",64,"Public",1
4913301,0,1,"Female",64,"Public",10
4913301,1,0,"Male",48,-99,
4913301,1,1,"Female",48,-99,
4918101,0,0,"Male",48,"Public",8
4918101,0,1,"Female",0,"Public",3
4918101,1,0,"Male",56,-99,
4918101,1,1,"Female",56,-99,
4918201,0,0,"Female",0,"Private",0
4918201,0,1,"Male",48,"Private",0
4918201,1,0,"Female",0,-99,
4918201,1,1,"Male",56,-99,
4918301,0,0,"Male",32,"Public",4
4918301,0,1,"Female",32,"Public",10
4918301,1,0,"Female",0,-99,
4918301,1,1,"Male",48,-99,
4921101,0,0,"Male",35,"Public",4
4921101,0,1,"Female",0,"Public",4
4921101,1,0,"Male",54,-99,
4921101,1,1,"Female",0,-99,
4921201,0,0,"Female",0,"Public",0
4921201,0,1,"Male",48,"Public",0
4921201,1,0,"Male",48,-99,
4921201,1,1,"Female",48,-99,
4923101,0,0,"Male",0,"Private",10
4923101,0,1,"Female",48,"Private",10
4923101,1,0,"Male",48,-99,
4923101,1,1,"Female",0,-99,
4923201,0,0,"Female",0,"Private",0
4923201,0,1,"Male",48,"Private",0
4923201,1,0,"Female",49,-99,
4923201,1,1,"Male",56,-99,
4923301,0,0,"Female",0,"Public",0
4923301,0,1,"Male",48,"Public",0
4923301,1,0,"Male",21,-99,
4923301,1,1,"Female",0,-99,
4944101,0,0,"Male",108,-99,5
4944101,0,1,"Female",108,-99,2
4944101,1,0,"Male",0,-99,
4944101,1,1,"Female",0,-99,
4944201,0,0,"Male",48,"Private",10
4944201,0,1,"Female",48,"Private",11
4944201,1,0,"Female",0,-99,
4944201,1,1,"Male",24,-99,
4944301,0,0,"Female",56,"Public",0
4944301,0,1,"Male",56,"Public",0
4944301,1,0,"Male",28,-99,
4944301,1,1,"Female",28,-99,
4947101,0,0,"Female",20,-99,0
4947101,0,1,"Male",30,-99,0
4947101,1,0,"Male",35,-99,
4947101,1,1,"Female",0,-99,
4947201,0,0,"Male",55,"Private",14
4947201,0,1,"Female",56,"Private",15
4947201,1,0,"Male",48,-99,
4947201,1,1,"Female",0,-99,
5013101,0,0,"Male",60,"Private",7
5013101,0,1,"Female",60,"Private",7
5013101,1,0,"Male",49,-99,
5013101,1,1,"Female",42,-99,
5013201,0,0,"Male",48,"Public",5
5013201,0,1,"Female",0,"Public",10
5013201,1,0,"Male",70,-99,
5013201,1,1,"Female",0,-99,
5013301,0,0,"Female",64,-99,0
5013301,0,1,"Male",64,-99,0
5013301,1,0,"Male",56,-99,
5013301,1,1,"Female",0,-99,
5018101,0,0,"Female",48,"Private",0
5018101,0,1,"Male",48,"Private",0
5018101,1,0,"Male",56,-99,
5018101,1,1,"Female",0,-99,
5018201,0,0,"Male",48,"Public",1
5018201,0,1,"Female",48,"Public",10
5018201,1,0,"Male",42,-99,
5018201,1,1,"Female",35,-99,
5021101,0,0,"Male",56,"Private",7
5021101,0,1,"Female",56,"Private",3
5021101,1,0,"Male",56,-99,
5021101,1,1,"Female",0,-99,
5023101,0,0,"Male",0,"Private",
5023101,0,1,"Female",0,"Private",
5023101,1,0,"Male",24,-99,
5023101,1,1,"Female",24,-99,
5023201,0,0,"Male",60,"Private",10
5023201,0,1,"Female",48,"Private",9
5023201,1,0,"Male",49,-99,
5023201,1,1,"Female",56,-99,
5044101,0,0,"Female",96,-99,0
5044101,0,1,"Male",96,-99,0
5044201,0,0,"Male",96,"Private",4
5044201,0,1,"Female",96,"Private",6
5044201,1,0,"Male",72,-99,
5044201,1,1,"Female",0,-99,
5047101,0,0,"Female",42,"Public",0
5047101,0,1,"Male",36,"Public",0
5047101,1,0,"Male",0,-99,
5047101,1,1,"Female",0,-99,
5047201,0,0,"Male",28,"Public",1
5047201,0,1,"Female",42,"Public",4
5047201,1,0,"Female",12,-99,
5047201,1,1,"Male",24,-99,
5114101,0,0,"Male",0,"Public",1
5114101,0,1,"Female",0,"Public",1
5114101,1,0,"Male",0,-99,
5114101,1,1,"Female",48,-99,
5114201,0,0,"Male",24,"Private",8
5114201,0,1,"Female",48,"Private",4
5114201,1,0,"Male",48,-99,
5114201,1,1,"Female",30,-99,
5130101,0,0,"Female",2,"Private",0
5130101,0,1,"Male",10,"Private",0
5130101,1,0,"Female",0,-99,
5130101,1,1,"Male",60,-99,
5145101,0,0,"Male",47,"Private",8
5145101,0,1,"Female",0,"Private",10
5145101,1,0,"Male",60,-99,
5145101,1,1,"Female",48,-99,
5425101,0,0,"Female",30,"Public",0
5425101,0,1,"Male",0,"Public",0
5425101,1,0,"Male",18,-99,
5425101,1,1,"Female",0,-99,
5430101,0,0,"Male",5,"Public",11
5430101,0,1,"Female",0,"Public",10
5430101,1,0,"Male",30,-99,
5430101,1,1,"Female",63,-99,
5432101,0,0,"Male",12,-99,9
5432101,0,1,"Female",0,-99,8
5432101,1,0,"Male",42,-99,
5432101,1,1,"Female",0,-99,
5520101,0,0,"Female",0,"Private",0
5520101,0,1,"Male",9,"Private",0
5520101,1,0,"Female",42,-99,
5520101,1,1,"Male",54,-99,
5531101,0,0,"Male",56,-99,7
5531101,0,1,"Female",56,-99,3
5531101,1,0,"Female",0,-99,
5531101,1,1,"Male",48,-99,
5542101,0,0,"Male",42,"Private",9
5542101,0,1,"Female",0,"Private",12
5542101,1,0,"Male",72,-99,
5542101,1,1,"Female",0,-99,
5543101,0,0,"Male",0,"Public",2
5543101,0,1,"Female",12,"Public",7
5543101,1,0,"Male",48,-99,
5543101,1,1,"Female",36,-99,
5543201,0,0,"Female",40,"Private",0
5543201,0,1,"Male",72,"Public",0
5543201,1,0,"Female",48,-99,
5543201,1,1,"Male",42,-99,
5543301,0,0,"Male",0,"Private",10
5543301,0,1,"Female",48,"Private",10
5543301,1,0,"Female",48,-99,
5543301,1,1,"Male",42,-99,
5626101,0,0,"Female",8,-99,0
5626101,0,1,"Male",8,-99,0
5626101,1,0,"Male",52,-99,
5626101,1,1,"Female",30,-99,
5626201,0,0,"Female",0,"Public",0
5626201,0,1,"Male",77,"Public",0
5626201,1,0,"Male",36,-99,
5626201,1,1,"Female",48,-99,
5626301,0,0,"Male",20,"Public",0
5626301,0,1,"Female",0,"Public",0
5626301,1,0,"Male",,-99,
5626301,1,1,"Female",18,-99,
5631101,0,0,"Male",35,"Public",5
5631101,0,1,"Female",35,"Public",5
5631101,1,0,"Female",63,-99,
5631101,1,1,"Male",42,-99,
5638101,0,0,"Male",56,"Private",11
5638101,0,1,"Female",0,"Private",6
5638101,1,0,"Male",53,-99,
5638101,1,1,"Female",0,-99,
5642101,0,0,"Male",16,"Private",12
5642101,0,1,"Female",6,"Private",7
5642101,1,0,"Female",48,-99,
5642101,1,1,"Male",24,-99,
5642201,0,0,"Female",28,-99,0
5642201,0,1,"Male",35,-99,0
5642201,1,0,"Male",60,-99,
5642201,1,1,"Female",18,-99,
5643101,0,0,"Female",32,"Private",0
5643101,0,1,"Male",0,"Private",0
5643101,1,0,"Female",0,-99,
5643101,1,1,"Male",15,-99,
5643201,0,0,"Male",5,"Private",12
5643201,0,1,"Female",5,"Private",14
5643201,1,0,"Male",56,-99,
5643201,1,1,"Female",0,-99,
5643301,0,0,"Male",66,"Public",11
5643301,0,1,"Female",0,"Private",10
5643301,1,0,"Male",48,-99,
5643301,1,1,"Female",0,-99,
5728101,0,0,"Male",48,"Private",10
5728101,0,1,"Female",0,"Private",15
5728101,1,0,"Male",,-99,
5728101,1,1,"Female",0,-99,
5728201,0,0,"Female",0,"Public",0
5728201,0,1,"Male",30,"Public",0
5728201,1,0,"Female",0,-99,
5728201,1,1,"Male",48,-99,
5734101,0,0,"Male",54,"Public",7
5734101,0,1,"Female",0,"Public",9
5734101,1,0,"Female",0,-99,
5734101,1,1,"Male",40,-99,
5734201,0,0,"Male",48,"Private",12
5734201,0,1,"Female",24,"Private",1
5734201,1,0,"Male",49,-99,
5734201,1,1,"Female",4,-99,
5746101,0,0,"Male",60,"Public",10
5746101,0,1,"Female",60,"Public",11
5746101,1,0,"Male",24,-99,
5746101,1,1,"Female",0,-99,
5746201,0,0,"Female",0,-99,0
5746201,0,1,"Male",60,-99,0
5746201,1,0,"Female",18,-99,
5746201,1,1,"Male",36,-99,
5746301,0,0,"Male",80,"Public",5
5746301,0,1,"Female",0,"Public",5
5746301,1,0,"Male",0,-99,
5746301,1,1,"Female",0,-99,
5750101,0,0,"Male",42,"Private",10
5750101,0,1,"Female",0,"Private",10
5750101,1,0,"Male",70,-99,
5750101,1,1,"Female",6,-99,
5750201,0,0,"Male",48,-99,10
5750201,0,1,"Female",0,-99,10
5750201,1,0,"Male",,-99,
5750201,1,1,"Female",0,-99,
5750301,0,0,"Male",72,-99,1
5750301,0,1,"Female",24,"Private",1
5750301,1,0,"Male",,-99,
5750301,1,1,"Female",0,-99,
5750401,0,0,"Male",60,"Public",10
5750401,0,1,"Female",24,"Private",10
5750401,1,0,"Male",20,-99,
5750401,1,1,"Female",0,-99,
5826101,0,0,"Male",32,"Public",10
5826101,0,1,"Female",0,"Public",5
5826101,1,0,"Male",50,-99,
5826101,1,1,"Female",14,-99,
5826201,0,0,"Female",48,-99,0
5826201,0,1,"Male",24,-99,0
5826201,1,0,"Male",25,-99,
5826201,1,1,"Female",49,-99,
5826301,0,0,"Female",32,"Public",0
5826301,0,1,"Male",0,"Public",0
5826301,1,0,"Male",52,-99,
5826301,1,1,"Female",0,-99,
5826401,0,0,"Female",0,-99,0
5826401,0,1,"Male",24,-99,0
5826401,1,0,"Female",0,-99,
5826401,1,1,"Male",25,-99,
5831101,0,0,"Male",54,"Public",1
5831101,0,1,"Female",54,"Public",9
5831101,1,0,"Male",60,-99,
5831101,1,1,"Female",42,-99,
5842101,0,0,"Male",0,-99,1
5842101,0,1,"Female",35,-99,1
5842101,1,0,"Male",36,-99,
5842101,1,1,"Female",36,-99,
5842201,0,0,"Male",0,"Public",7
5842201,0,1,"Female",0,"Public",7
5842201,1,0,"Female",0,-99,
5842201,1,1,"Male",0,-99,
5842301,0,0,"Male",24,"Public",1
5842301,0,1,"Female",0,"Public",1
5842301,1,0,"Male",20,-99,
5842301,1,1,"Female",50,-99,
5842401,0,0,"Male",36,-99,8
5842401,0,1,"Female",36,-99,6
5842401,1,0,"Female",0,-99,
5842401,1,1,"Male",0,-99,
5843101,0,0,"Male",30,"Public",10
5843101,0,1,"Female",0,"Public",7
5843101,1,0,"Male",24,-99,
5843101,1,1,"Female",0,-99,
5843201,0,0,"Male",50,"Public",7
5843201,0,1,"Female",0,"Public",10
5843201,1,0,"Male",45,-99,
5843201,1,1,"Female",0,-99,
5934101,0,0,"Male",48,"Public",8
5934101,0,1,"Female",0,"Private",7
5934101,1,0,"Male",36,-99,
5934101,1,1,"Female",0,-99,
5934201,0,0,"Male",16,"Public",1
5934201,0,1,"Female",0,"Public",1
5934201,1,0,"Male",0,-99,
5934201,1,1,"Female",0,-99,
5942101,0,0,"Male",30,"Public",10
5942101,0,1,"Female",0,"Public",7
5942101,1,0,"Male",,-99,
5942101,1,1,"Female",0,-99,
5943101,0,0,"Male",48,"Private",11
5943101,0,1,"Female",0,"Private",8
5943101,1,0,"Male",,-99,
5943101,1,1,"Female",0,-99,
5943201,0,0,"Female",0,"Private",0
5943201,0,1,"Male",48,"Private",0
5943201,1,0,"Male",35,-99,
5943201,1,1,"Female",0,-99,
5946101,0,0,"Male",60,"Private",10
5946101,0,1,"Female",4,"Private",4
5946101,1,0,"Male",30,-99,
5946101,1,1,"Female",20,-99,
6020101,0,0,"Female",0,"Public",0
6020101,0,1,"Male",48,"Public",0
6020101,1,0,"Female",6,-99,
6020101,1,1,"Male",12,-99,
6020201,0,0,"Female",0,"Private",0
6020201,0,1,"Male",24,"Private",0
6020201,1,0,"Male",50,-99,
6020201,1,1,"Female",0,-99,
6026101,0,0,"Male",48,"Private",12
6026101,0,1,"Female",0,"Private",7
6026101,1,0,"Male",18,-99,
6026101,1,1,"Female",0,-99,
6033101,0,0,"Male",48,-99,10
6033101,0,1,"Female",0,-99,15
6033101,1,0,"Male",42,-99,
6033101,1,1,"Female",0,-99,
6033201,0,0,"Female",0,"Private",0
6033201,0,1,"Male",40,"Private",0
6033201,1,0,"Male",36,-99,
6033201,1,1,"Female",0,-99,
6038101,0,0,"Male",48,"Public",12
6038101,0,1,"Female",0,"Public",7
6038101,1,0,"Male",,-99,
6038101,1,1,"Female",0,-99,
6042101,0,0,"Female",0,"Public",0
6042101,0,1,"Male",48,"Public",0
6042101,1,0,"Female",0,-99,
6042101,1,1,"Male",36,-99,
6042201,0,0,"Male",0,-99,10
6042201,0,1,"Female",0,-99,5
6042201,1,0,"Male",0,-99,
6042201,1,1,"Female",0,-99,
6042301,0,0,"Male",0,"Private",10
6042301,0,1,"Female",0,"Private",1
6042301,1,0,"Male",16,-99,
6042301,1,1,"Female",48,-99,
6043101,0,0,"Male",30,-99,3
6043101,0,1,"Female",0,-99,5
6043101,1,0,"Male",50,-99,
6043101,1,1,"Female",0,-99,
6128101,0,0,"Male",1,"Public",13
6128101,0,1,"Female",0,"Public",9
6128101,1,0,"Male",112,-99,
6128101,1,1,"Female",0,-99,
6128201,0,0,"Male",8,"Private",10
6128201,0,1,"Female",600,"Private",6
6128201,1,0,"Male",50,-99,
6128201,1,1,"Female",0,-99,
6133101,0,0,"Female",0,"Public",0
6133101,0,1,"Male",4,"Public",0
6133101,1,0,"Male",0,-99,
6133101,1,1,"Female",0,-99,
6134101,0,0,"Female",2,-99,0
6134101,0,1,"Male",1,-99,0
6134101,1,0,"Male",30,-99,
6134101,1,1,"Female",0,-99,
6138101,0,0,"Female",4,"Public",0
6138101,0,1,"Male",70,"Public",0
6138101,1,0,"Male",54,-99,
6138101,1,1,"Female",0,-99,
6140101,0,0,"Female",8,"Public",0
6140101,0,1,"Male",8,"Public",0
6140101,1,0,"Male",15,-99,
6140101,1,1,"Female",0,-99,
6146101,0,0,"Male",3,"Public",0
6146101,0,1,"Female",8,"Private",8
6146101,1,0,"Male",20,-99,
6146101,1,1,"Female",0,-99,
6150101,0,0,"Female",8,"Public",0
6150101,0,1,"Male",2,"Public",0
6150101,1,0,"Male",58,-99,
6150101,1,1,"Female",0,-99,
6228101,0,0,"Male",54,"Public",10
6228101,0,1,"Female",0,"Public",1
6228101,1,0,"Male",54,-99,
6228101,1,1,"Female",8,-99,
6231101,0,0,"Male",72,"Public",10
6231101,0,1,"Female",72,"Public",8
6231101,1,0,"Male",39,-99,
6231101,1,1,"Female",0,-99,
6233101,0,0,"Male",48,"Private",9
6233101,0,1,"Female",0,"Private",12
6233101,1,0,"Male",42,-99,
6233101,1,1,"Female",0,-99,
6234101,0,0,"Male",60,"Public",1
6234101,0,1,"Female",0,"Public",3
6234101,1,0,"Male",12,-99,
6234101,1,1,"Female",0,-99,
6238101,0,0,"Male",48,-99,11
6238101,0,1,"Female",0,-99,1
6238201,0,0,"Male",54,"Public",10
6238201,0,1,"Female",0,"Public",10
6238201,1,0,"Male",48,-99,
6238201,1,1,"Female",0,-99,
6238301,0,0,"Male",8,-99,10
6238301,0,1,"Female",8,-99,5
6238301,1,0,"Male",64,-99,
6238301,1,1,"Female",64,-99,
6240101,0,0,"Female",18,"Private",0
6240101,0,1,"Male",48,"Private",0
6240101,1,0,"Male",48,-99,
6240101,1,1,"Female",18,-99,
6240201,0,0,"Male",48,"Public",3
6240201,0,1,"Female",42,"Public",1
6240201,1,0,"Female",48,-99,
6240201,1,1,"Male",56,-99,
6246101,0,0,"Male",48,"Private",10
6246101,0,1,"Female",0,"Private",9
6246101,1,0,"Male",54,-99,
6246101,1,1,"Female",0,-99,
6246301,0,0,"Male",48,-99,1
6246301,0,1,"Female",60,-99,1
6246301,1,0,"Male",48,-99,
6246301,1,1,"Female",20,-99,
6246401,0,0,"Male",60,-99,9
6246401,0,1,"Female",0,-99,12
6246401,1,0,"Male",72,-99,
6246401,1,1,"Female",0,-99,
6246501,0,0,"Female",0,"Private",
6246501,0,1,"Male",70,"Private",
6246501,1,0,"Male",56,-99,
6246501,1,1,"Female",0,-99,
6250101,0,0,"Male",48,"Public",7
6250101,0,1,"Female",0,"Public",7
6250101,1,0,"Male",36,-99,
6250101,1,1,"Female",48,-99,
6250201,0,0,"Male",70,-99,7
6250201,0,1,"Female",0,-99,8
6250201,1,0,"Male",64,-99,
6250201,1,1,"Female",64,-99,
6312101,0,0,"Male",66,"Private",11
6312101,0,1,"Female",30,"Private",10
6312101,1,0,"Male",49,-99,
6312101,1,1,"Female",0,-99,
6331101,0,0,"Male",54,"Public",6
6331101,0,1,"Female",54,"Public",10
6331101,1,0,"Male",60,-99,
6331101,1,1,"Female",48,-99,
6334101,0,0,"Female",49,"Private",0
6334101,0,1,"Male",0,"Private",0
6334101,1,0,"Female",0,-99,
6334101,1,1,"Male",36,-99,
6334201,0,0,"Male",54,-99,4
6334201,0,1,"Female",35,-99,1
6340101,0,0,"Male",66,"Private",7
6340101,0,1,"Female",42,"Private",7
6340101,1,0,"Male",36,-99,
6340101,1,1,"Female",42,-99,
6340201,0,0,"Male",21,"Public",11
6340201,0,1,"Female",35,"Public",12
6340201,1,0,"Male",56,-99,
6340201,1,1,"Female",7,-99,
6346101,0,0,"Male",48,"Public",11
6346101,0,1,"Female",48,"Public",7
6346101,1,0,"Male",5,-99,
6346101,1,1,"Female",18,-99,
6346201,0,0,"Male",60,"Private",6
6346201,0,1,"Female",42,"Public",15
6346201,1,0,"Female",42,-99,
6346201,1,1,"Male",42,-99,
6346301,0,0,"Male",48,"Public",10
6346301,0,1,"Female",48,"Public",7
6346301,1,0,"Male",56,-99,
6346301,1,1,"Female",42,-99,
6346401,0,0,"Male",120,"Public",10
6346401,0,1,"Female",24,"Public",10
6346401,1,0,"Male",20,-99,
6346401,1,1,"Female",0,-99,
6350101,0,0,"Male",264,"Public",9
6350101,0,1,"Female",72,"Public",1
6350101,1,0,"Male",77,-99,
6350101,1,1,"Female",2.5,-99,
6350201,0,0,"Female",72,"Public",0
6350201,0,1,"Male",216,"Public",0
6350201,1,0,"Male",68,-99,
6350201,1,1,"Female",0,-99,
6428101,0,0,"Male",45,-99,11
6428101,0,1,"Female",36,-99,6
6428101,1,0,"Male",30,-99,
6428101,1,1,"Female",0,-99,
6434101,0,0,"Male",60,"Public",1
6434101,0,1,"Female",60,"Public",4
6434101,1,0,"Male",70,-99,
6434101,1,1,"Female",21,-99,
6434201,0,0,"Female",0,"Public",0
6434201,0,1,"Male",60,"Public",0
6434201,1,0,"Female",48,-99,
6434201,1,1,"Male",56,-99,
6434301,0,0,"Female",62,"Public",0
6434301,0,1,"Male",30,"Private",0
6434301,1,0,"Female",56,-99,
6434301,1,1,"Male",56,-99,
6440201,0,0,"Female",48,"Public",0
6440201,0,1,"Male",24,"Public",0
6440201,1,0,"Male",70,-99,
6440201,1,1,"Female",56,-99,
6440301,0,0,"Female",35,"Private",0
6440301,0,1,"Male",48,"Private",0
6440301,1,0,"Female",0,-99,
6440301,1,1,"Male",21,-99,
6440401,0,0,"Male",30,"Public",14
6440401,0,1,"Female",42,"Public",10
6440401,1,0,"Male",5,-99,
6440401,1,1,"Female",36,-99,
6440501,0,0,"Female",18,-99,0
6440501,0,1,"Male",48,-99,0
6440501,1,0,"Male",48,-99,
6440501,1,1,"Female",0,-99,
6446101,0,0,"Female",60,"Public",0
6446101,0,1,"Male",0,"Public",0
6446101,1,0,"Male",70,-99,
6446101,1,1,"Female",40,-99,
6446201,0,0,"Female",0,"Private",0
6446201,0,1,"Male",80,"Private",0
6446201,1,0,"Female",0,-99,
6446201,1,1,"Male",0,-99,
6446301,0,0,"Male",84,"Public",7
6446301,0,1,"Female",48,"Public",10
6446301,1,0,"Male",56,-99,
6446301,1,1,"Female",0,-99,
6450101,0,0,"Male",66,"Private",12
6450101,0,1,"Female",24,"Private",10
6450101,1,0,"Male",48,-99,
6450101,1,1,"Female",20,-99,
6450201,0,0,"Male",72,"Private",15
6450201,0,1,"Female",42,"Private",9
6450201,1,0,"Male",0,-99,
6450201,1,1,"Female",12,-99,
6450301,0,0,"Female",24,"Public",0
6450301,0,1,"Male",72,"Public",0
6450301,1,0,"Female",15,-99,
6450301,1,1,"Male",20,-99,
6626201,0,0,"Male",30,"Private",12
6626201,0,1,"Female",0,"Private",10
6626201,1,0,"Male",54,-99,
6626201,1,1,"Female",0,-99,
6626301,0,0,"Male",18,"Private",10
6626301,0,1,"Female",0,"Private",10
6626301,1,0,"Male",36,-99,
6626301,1,1,"Female",31.5,-99,
6626401,0,0,"Male",16,"Private",7
6626401,0,1,"Female",0,"Private",7
6626401,1,0,"Male",24,-99,
6626401,1,1,"Female",7,-99,
6626501,0,0,"Female",240,"Private",0
6626501,0,1,"Male",16,"Private",0
6626501,1,0,"Male",7,-99,
6626501,1,1,"Female",7,-99,
6628101,0,0,"Male",120,"Private",10
6628101,0,1,"Female",96,"Private",12
6628101,1,0,"Male",18,-99,
6628101,1,1,"Female",0,-99,
6628201,0,0,"Male",56,"Public",1
6628201,0,1,"Female",10,"Public",1
6628201,1,0,"Male",40,-99,
6628201,1,1,"Female",2,-99,
6628301,0,0,"Female",10,"Private",0
6628301,0,1,"Male",35,"Private",0
6628301,1,0,"Male",48,-99,
6628301,1,1,"Female",0,-99,
6628501,0,0,"Male",48,"Public",9
6628501,0,1,"Female",0,"Public",7
6628501,1,0,"Male",66,-99,
6628501,1,1,"Female",0,-99,
6631101,0,0,"Male",48,"Private",8
6631101,0,1,"Female",48,"Private",10
6631101,1,0,"Female",24,-99,
6631101,1,1,"Male",80,-99,
6642101,0,0,"Female",64,"Private",0
6642101,0,1,"Male",64,"Private",0
6642101,1,0,"Female",6.5,-99,
6642101,1,1,"Male",54,-99,
6642201,0,0,"Male",24,"Private",10
6642201,0,1,"Female",0,"Private",10
6642201,1,0,"Male",40,-99,
6642201,1,1,"Female",36,-99,
6643101,0,0,"Male",48,-99,12
6643101,0,1,"Female",48,-99,4
6643101,1,0,"Male",36,-99,
6643101,1,1,"Female",44,-99,
6643201,0,0,"Male",48,"Public",7
6643201,0,1,"Female",48,"Public",8
6643201,1,0,"Male",48,-99,
6643201,1,1,"Female",0,-99,
6650101,0,0,"Male",60,"Public",8
6650101,0,1,"Female",72,"Public",1
6650101,1,0,"Male",63,-99,
6650101,1,1,"Female",30,-99,
6731101,0,0,"Male",40,-99,10
6731101,0,1,"Female",40,-99,10
6731101,1,0,"Male",48,-99,
6731101,1,1,"Female",0,-99,
6742101,0,0,"Male",40,"Private",10
6742101,0,1,"Female",0,"Private",1
6742101,1,0,"Male",54,-99,
6742101,1,1,"Female",0,-99,
6742201,0,0,"Male",0,"Public",8
6742201,0,1,"Female",45,"Public",5
6742201,1,0,"Male",56,-99,
6742201,1,1,"Female",52,-99,
6743101,0,0,"Male",15,"Public",1
6743101,0,1,"Female",0,"Public",1
6743101,1,0,"Male",40,-99,
6743101,1,1,"Female",8,-99,
6834101,0,0,"Female",0,"Private",0
6834101,0,1,"Male",30,"Private",0
6834101,1,0,"Female",0,-99,
6834101,1,1,"Male",56,-99,
6850101,0,0,"Male",60,"Private",12
6850101,0,1,"Female",24,"Public",10
6850101,1,0,"Male",72,-99,
6850101,1,1,"Female",0,-99,
6850201,0,0,"Male",72,"Public",10
6850201,0,1,"Female",24,"Public",6
6850201,1,0,"Male",84,-99,
6850201,1,1,"Female",40,-99,
6850301,0,0,"Male",60,"Public",12
6850301,0,1,"Female",24,"Public",5
6850301,1,0,"Male",54,-99,
6850301,1,1,"Female",14,-99,
6933101,0,0,"Male",48,"Private",10
6933101,0,1,"Female",48,"Private",4
6933101,1,0,"Male",57,-99,
6933101,1,1,"Female",0,-99,
6934101,0,0,"Male",77,"Public",10
6934101,0,1,"Female",0,"Private",7
6934101,1,0,"Male",10,-99,
6934101,1,1,"Female",0,-99,
6934201,0,0,"Male",48,"Private",12
6934201,0,1,"Female",48,"Private",4
6934201,1,0,"Male",27,-99,
6934201,1,1,"Female",57,-99,
6938101,0,0,"Male",0,"Public",10
6938101,0,1,"Female",0,"Public",4
6938101,1,0,"Male",0,-99,
6938101,1,1,"Female",35,-99,
6940101,0,0,"Male",5,"Private",7
6940101,0,1,"Female",5,"Private",8
6940101,1,0,"Male",77,-99,
6940101,1,1,"Female",2,-99,
6940201,0,0,"Male",35,"Public",10
6940201,0,1,"Female",35,"Private",11
6940201,1,0,"Male",105,-99,
6940201,1,1,"Female",48,-99,
6940301,0,0,"Male",60,"Private",10
6940301,0,1,"Female",36,"Private",10
6940301,1,0,"Male",42,-99,
6940301,1,1,"Female",0,-99,
6940401,0,0,"Male",86,"Private",12
6940401,0,1,"Female",26,"Private",6
6940401,1,0,"Male",28,-99,
6940401,1,1,"Female",0,-99,
6950101,0,0,"Male",58,"Private",15
6950101,0,1,"Female",24,"Private",4
6950101,1,0,"Male",32,-99,
6950101,1,1,"Female",0,-99,
7112101,0,0,"Male",35,"Public",10
7112101,0,1,"Female",20,"Public",1
7112101,1,0,"Female",0,-99,
7112101,1,1,"Male",105,-99,
7128101,0,0,"Male",70,"Private",1
7128101,0,1,"Female",0,"Private",1
7128101,1,0,"Male",56,-99,
7128101,1,1,"Female",0,-99,
7131101,0,0,"Male",48,"Private",9
7131101,0,1,"Female",48,"Private",10
7131101,1,0,"Male",40,-99,
7131101,1,1,"Female",0,-99,
7131201,0,0,"Male",54,"Private",10
7131201,0,1,"Female",54,"Private",10
7131201,1,0,"Female",0,-99,
7131201,1,1,"Male",60,-99,
7131301,0,0,"Female",48,"Public",0
7131301,0,1,"Male",48,"Public",0
7131301,1,0,"Female",8,-99,
7131301,1,1,"Male",28,-99,
7134101,0,0,"Male",60,"Private",8
7134101,0,1,"Female",0,"Private",1
7134101,1,0,"Male",84,-99,
7134101,1,1,"Female",0,-99,
7134201,0,0,"Male",48,"Private",10
7134201,0,1,"Female",0,"Private",10
7134201,1,0,"Male",70,-99,
7134201,1,1,"Female",0,-99,
7146101,0,0,"Male",70,"Private",10
7146101,0,1,"Female",0,"Private",12
7146101,1,0,"Male",84,-99,
7146101,1,1,"Female",0,-99,
7146201,0,0,"Male",10,"Public",5
7146201,0,1,"Female",0,"Public",8
7146201,1,0,"Female",0,-99,
7146201,1,1,"Male",18,-99,
7146301,0,0,"Male",0,"Public",10
7146301,0,1,"Female",35,"Public",1
7146301,1,0,"Female",0,-99,
7146301,1,1,"Male",12,-99,
7212201,0,0,"Male",48,"Public",
7212201,0,1,"Female",0,"Public",
7212201,1,0,"Male",18,-99,
7212201,1,1,"Female",0,-99,
7226101,0,0,"Female",0,"Public",0
7226101,0,1,"Male",18,"Public",0
7226101,1,0,"Male",36,-99,
7226101,1,1,"Female",36,-99,
7226201,0,0,"Male",30,"Public",4
7226201,0,1,"Female",0,"Public",7
7226201,1,0,"Female",0,-99,
7226201,1,1,"Male",18,-99,
7240101,0,0,"Female",40,"Public",
7240101,0,1,"Male",60,"Public",
7240101,1,0,"Female",,-99,
7240101,1,1,"Male",24,-99,
7242101,0,0,"Male",40,"Public",9
7242101,0,1,"Female",0,"Public",9
7242101,1,0,"Male",18,-99,
7242101,1,1,"Female",0,-99,
7242201,0,0,"Female",70,"Public",0
7242201,0,1,"Male",15,"Public",0
7242201,1,0,"Male",24,-99,
7242201,1,1,"Female",12,-99,
7242301,0,0,"Male",22,"Private",1
7242301,0,1,"Female",0,"Private",1
7242301,1,0,"Male",56,-99,
7242301,1,1,"Female",56,-99,
7243101,0,0,"Female",32,"Public",0
7243101,0,1,"Male",40,"Public",0
7243101,1,0,"Male",48,-99,
7243101,1,1,"Female",0,-99,
7243201,0,0,"Female",0,"Public",0
7243201,0,1,"Male",20,"Public",0
7243201,1,0,"Male",56,-99,
7243201,1,1,"Female",56,-99,
7331201,0,0,"Male",36,"Private",12
7331201,0,1,"Female",36,"Public",12
7331201,1,0,"Male",12,-99,
7331201,1,1,"Female",0,-99,
7334101,0,0,"Male",48,-99,7
7334101,0,1,"Female",0,-99,7
7334101,1,0,"Male",56,-99,
7334101,1,1,"Female",28,-99,
7334201,0,0,"Male",0,"Private",11
7334201,0,1,"Female",20,"Private",1
7334201,1,0,"Male",0,-99,
7334201,1,1,"Female",0,-99,
7334301,0,0,"Male",48,"Private",1
7334301,0,1,"Female",0,"Private",1
7334301,1,0,"Male",0,-99,
7334301,1,1,"Female",27,-99,
7346101,0,0,"Male",54,"Private",1
7346101,0,1,"Female",48,"Private",10
7346101,1,0,"Female",56,-99,
7346101,1,1,"Male",56,-99,
7346201,0,0,"Male",60,"Public",7
7346201,0,1,"Female",0,"Public",7
7346201,1,0,"Male",70,-99,
7346201,1,1,"Female",20,-99,
7346301,0,0,"Male",48,"Private",1
7346301,0,1,"Female",48,"Public",10
7346301,1,0,"Male",30,-99,
7346301,1,1,"Female",0,-99,
7350101,0,0,"Male",72,"Private",10
7350101,0,1,"Female",36,"Private",10
7350101,1,0,"Male",0,-99,
7350101,1,1,"Female",0,-99,
7350201,0,0,"Male",72,"Public",1
7350201,0,1,"Female",24,"Public",12
7350201,1,0,"Female",21,-99,
7350201,1,1,"Male",0,-99,
7350301,0,0,"Female",24,"Public",0
7350301,0,1,"Male",72,"Public",0
7350301,1,0,"Female",0,-99,
7350301,1,1,"Male",56,-99,
7350401,0,0,"Female",24,"Public",0
7350401,0,1,"Male",98,"Public",0
7350401,1,0,"Male",34,-99,
7350401,1,1,"Female",14,-99,
7526101,0,0,"Female",0,-99,0
7526101,0,1,"Male",18,"Public",0
7526101,1,0,"Male",,-99,
7526101,1,1,"Female",9,-99,
7526301,0,0,"Female",0,"Public",0
7526301,0,1,"Male",32,"Public",0
7526301,1,0,"Female",0,-99,
7526301,1,1,"Male",37,-99,
7542101,0,0,"Female",0,"Public",0
7542101,0,1,"Male",0,"Public",0
7542101,1,0,"Male",30,-99,
7542101,1,1,"Female",0,-99,
7543101,0,0,"Female",0,"Public",0
7543101,0,1,"Male",35,"Private",0
7543101,1,0,"Female",48,-99,
7543101,1,1,"Male",45,-99,
7543201,0,0,"Male",18,"Public",10
7543201,0,1,"Female",0,"Public",10
7543201,1,0,"Male",42,-99,
7543201,1,1,"Female",0,-99,
7550101,0,0,"Male",35,"Public",13
7550101,0,1,"Female",0,"Public",17
7550101,1,0,"Male",63,-99,
7550101,1,1,"Female",0,-99,
7550201,0,0,"Male",72,"Public",10
7550201,0,1,"Female",24,"Public",10
7550201,1,0,"Male",0,-99,
7550201,1,1,"Female",0,-99,
7550301,0,0,"Male",30,"Public",9
7550301,0,1,"Female",24,"Public",8
7550301,1,0,"Male",16,-99,
7550301,1,1,"Female",0,-99,
7626101,0,0,"Male",32,"Public",11
7626101,0,1,"Female",0,"Public",1
7626101,1,0,"Male",24,-99,
7626101,1,1,"Female",0,-99,
7642101,0,0,"Male",15,"Private",10
7642101,0,1,"Female",0,"Private",9
7642101,1,0,"Female",0,-99,
7642101,1,1,"Male",48,-99,
7650101,0,0,"Female",24,"Public",0
7650101,0,1,"Male",72,"Public",0
7650101,1,0,"Female",0,-99,
7650101,1,1,"Male",4,-99,
7728201,0,0,"Male",25,"Public",10
7728201,0,1,"Female",10,"Public",10
7728201,1,0,"Male",63,-99,
7728201,1,1,"Female",56,-99,
7728301,0,0,"Male",48,"Public",10
7728301,0,1,"Female",48,"Public",10
7728301,1,0,"Female",56,-99,
7728301,1,1,"Male",0,-99,
7728401,0,0,"Female",48,"Private",0
7728401,0,1,"Male",48,"Private",0
7728401,1,0,"Male",0,-99,
7728401,1,1,"Female",0,-99,
7731101,0,0,"Male",48,"Private",12
7731101,0,1,"Female",48,"Private",15
7731101,1,0,"Male",56,-99,
7731101,1,1,"Female",0,-99,
7734101,0,0,"Male",24,"Public",10
7734101,0,1,"Female",0,"Public",11
7734101,1,0,"Female",0,-99,
7734101,1,1,"Male",24,-99,
7734201,0,0,"Male",12,"Public",15
7734201,0,1,"Female",0,"Public",9
7734201,1,0,"Female",0,-99,
7734201,1,1,"Male",30,-99,
7742101,0,0,"Male",63,"Public",10
7742101,0,1,"Female",0,"Public",8
7742101,1,0,"Male",21,-99,
7742101,1,1,"Female",0,-99,
7746101,0,0,"Male",70,-99,12
7746101,0,1,"Female",0,-99,15
7746101,1,0,"Male",48,-99,
7746101,1,1,"Female",0,-99,
7746201,0,0,"Male",300,"Public",14
7746201,0,1,"Female",0,"Public",10
7746201,1,0,"Male",20,-99,
7746201,1,1,"Female",0,-99,
7814101,0,0,"Male",56,"Public",12
7814101,0,1,"Female",6,"Public",3
7814101,1,0,"Male",0,-99,
7814101,1,1,"Female",14,-99,
7825101,0,0,"Male",56,"Public",6
7825101,0,1,"Female",0,"Public",8
7825101,1,0,"Female",0,-99,
7825101,1,1,"Male",36,-99,
7830101,0,0,"Male",42,"Public",7
7830101,0,1,"Female",18,"Public",10
7830101,1,0,"Female",54,-99,
7830101,1,1,"Male",30,-99,
7832101,0,0,"Male",0,"Public",2
7832101,0,1,"Female",32,"Public",5
7832101,1,0,"Male",12,-99,
7832101,1,1,"Female",0,-99,
7832201,0,0,"Female",0,"Private",0
7832201,0,1,"Male",45,"Private",0
7832201,1,0,"Female",0,-99,
7832201,1,1,"Male",48,-99,
7836101,0,0,"Male",32,"Public",7
7836101,0,1,"Female",0,"Public",10
7836101,1,0,"Female",0,-99,
7836101,1,1,"Male",40,-99,
7836201,0,0,"Male",32,"Public",10
7836201,0,1,"Female",0,"Public",12
7836201,1,0,"Female",0,-99,
7836201,1,1,"Male",0,-99,
7914101,0,0,"Male",15,-99,9
7914101,0,1,"Female",0,-99,5
7914101,1,0,"Male",0,-99,
7914101,1,1,"Female",0,-99,
7925101,0,0,"Male",42,"Public",5
7925101,0,1,"Female",0,"Public",5
7925101,1,0,"Male",48,-99,
7925101,1,1,"Female",0,-99,
7930201,0,0,"Female",0,"Public",0
7930201,0,1,"Male",5,"Public",0
7930201,1,0,"Male",98,-99,
7930201,1,1,"Female",90,-99,
7932101,0,0,"Male",40,"Public",1
7932101,0,1,"Female",0,"Public",4
7932101,1,0,"Male",90,-99,
7932101,1,1,"Female",0,-99,
7932201,0,0,"Male",56,"Private",1
7932201,0,1,"Female",32,"Public",1
7932201,1,0,"Male",30,-99,
7932201,1,1,"Female",0,-99,
7936101,0,0,"Male",30,"Public",9
7936101,0,1,"Female",0,"Public",7
7936101,1,0,"Male",30,-99,
7936101,1,1,"Female",0,-99,
7936201,0,0,"Male",56,"Public",9
7936201,0,1,"Female",0,"Public",5
7936201,1,0,"Male",50,-99,
7936201,1,1,"Female",0,-99,
7945101,0,0,"Male",56,-99,10
7945101,0,1,"Female",0,-99,7
7945101,1,0,"Male",9,-99,
7945101,1,1,"Female",0,-99,
8014101,0,0,"Male",56,"Public",7
8014101,0,1,"Female",0,"Public",7
8014101,1,0,"Male",56,-99,
8014101,1,1,"Female",16,-99,
8025101,0,0,"Female",56,"Private",0
8025101,0,1,"Male",0,"Private",0
8025101,1,0,"Female",0,-99,
8025101,1,1,"Male",32,-99,
8025201,0,0,"Male",7,"Public",10
8025201,0,1,"Female",0,"Public",1
8025201,1,0,"Male",42,-99,
8025201,1,1,"Female",0,-99,
8030101,0,0,"Male",48,"Public",12
8030101,0,1,"Female",0,"Public",10
8030101,1,0,"Male",54,-99,
8030101,1,1,"Female",54,-99,
8032101,0,0,"Male",56,"Public",12
8032101,0,1,"Female",0,"Public",8
8032101,1,0,"Male",64,-99,
8032101,1,1,"Female",0,-99,
8032201,0,0,"Male",56,"Public",1
8032201,0,1,"Female",0,"Public",10
8032201,1,0,"Male",60,-99,
8032201,1,1,"Female",12,-99,
8231101,0,0,"Female",36,"Private",0
8231101,0,1,"Male",36,"Private",0
8231101,1,0,"Male",35,-99,
8231101,1,1,"Female",0,-99,
8242101,0,0,"Male",48,"Private",12
8242101,0,1,"Female",0,"Private",17
8242101,1,0,"Male",60,-99,
8242101,1,1,"Female",4,-99,
8514101,0,0,"Male",,-99,
8514101,0,1,"Female",20,"Public",
8514101,1,0,"Male",,-99,
8514101,1,1,"Female",56,-99,
8525101,0,0,"Male",13,"Private",10
8525101,0,1,"Female",14,"Private",7
8525101,1,0,"Male",56,-99,
8525101,1,1,"Female",0,-99,
8525102,0,0,"Male",13,"Private",10
8525102,0,1,"Female",14,"Private",7
8525102,1,0,"Male",56,-99,
8525102,1,1,"Female",0,-99,
8525301,0,0,"Female",6,"Public",0
8525301,0,1,"Male",8,"Public",0
8525301,1,0,"Male",16,-99,
8525301,1,1,"Female",0,-99,
8530101,0,0,"Female",14,"Private",0
8530101,0,1,"Male",16,"Private",0
8530101,1,0,"Male",70,-99,
8530101,1,1,"Female",0,-99,
8530201,0,0,"Male",0,-99,6
8530201,0,1,"Female",0,"Private",3
8530201,1,0,"Male",,-99,
8530201,1,1,"Female",12,-99,
8532101,0,0,"Male",6,"Public",8
8532101,0,1,"Female",6,"Public",4
8532101,1,0,"Male",48,-99,
8532101,1,1,"Female",0,-99,
8532201,0,0,"Male",40,"Private",7
8532201,0,1,"Female",0,"Private",1
8532201,1,0,"Male",84,-99,
8532201,1,1,"Female",0,-99,
8532301,0,0,"Male",36,"Public",1
8532301,0,1,"Female",8,"Public",1
8532301,1,0,"Male",34,-99,
8532301,1,1,"Female",42,-99,
8536101,0,0,"Male",0,"Public",5
8536101,0,1,"Female",36,"Public",0
8536101,1,0,"Male",0,-99,
8536101,1,1,"Female",32,-99,
8536201,0,0,"Male",28,"Public",7
8536201,0,1,"Female",0,"Public",7
8536201,1,0,"Male",21,-99,
8536201,1,1,"Female",0,-99,
8545101,0,0,"Male",12,"Public",1
8545101,0,1,"Female",8,"Public",1
8545101,1,0,"Female",56,-99,
8545101,1,1,"Male",56,-99,
8545201,0,0,"Female",0,"Private",0
8545201,0,1,"Male",45,"Private",0
8545201,1,0,"Male",24,-99,
8545201,1,1,"Female",15,-99,
8714201,0,0,"Male",58,"Public",10
8714201,0,1,"Female",0,"Public",5
8714201,1,0,"Male",42,-99,
8714201,1,1,"Female",0,-99,
8725101,0,0,"Female",8,-99,0
8725101,0,1,"Male",12,-99,0
8725101,1,0,"Male",36,-99,
8725101,1,1,"Female",56,-99,
8725201,0,0,"Female",30,"Private",0
8725201,0,1,"Male",30,"Private",0
8725201,1,0,"Male",48,-99,
8725201,1,1,"Female",32,-99,
8725301,0,0,"Male",8,"Private",11
8725301,0,1,"Female",8,"Private",8
8725301,1,0,"Male",55,-99,
8725301,1,1,"Female",0,-99,
8725401,0,0,"Female",30,"Public",0
8725401,0,1,"Male",30,"Public",0
8725401,1,0,"Male",56,-99,
8725401,1,1,"Female",0,-99,
8725501,0,0,"Male",0,"Public",
8725501,0,1,"Female",40,"Public",
8725501,1,0,"Male",,-99,
8725501,1,1,"Female",0,-99,
8725601,0,0,"Female",40,"Public",0
8725601,0,1,"Male",40,"Public",0
8725601,1,0,"Male",30,-99,
8725601,1,1,"Female",42,-99,
8725701,0,0,"Male",8,"Public",11
8725701,0,1,"Female",8,"Public",10
8725701,1,0,"Male",28,-99,
8725701,1,1,"Female",0,-99,
8725801,0,0,"Female",27,"Public",0
8725801,0,1,"Male",27,"Public",0
8725801,1,0,"Female",0,-99,
8725801,1,1,"Male",16,-99,
8730101,0,0,"Female",8,"Public",0
8730101,0,1,"Male",3,"Public",0
8730101,1,0,"Male",56,-99,
8730101,1,1,"Female",0,-99,
8732102,0,0,"Male",32,"Public",11
8732102,0,1,"Female",0,"Public",10
8732102,1,0,"Male",30,-99,
8732102,1,1,"Female",20,-99,
8735101,0,0,"Female",35,-99,0
8735101,0,1,"Male",0,-99,0
8735101,1,0,"Male",56,-99,
8735101,1,1,"Female",0,-99,
8735201,0,0,"Male",48,"Public",7
8735201,0,1,"Female",8,"Public",7
8735201,1,0,"Female",0,-99,
8735201,1,1,"Male",40,-99,
8736101,0,0,"Male",0,"Public",3
8736101,0,1,"Female",0,"Public",5
8736101,1,0,"Male",0,-99,
8736101,1,1,"Female",40,-99,
8745101,0,0,"Male",30,"Private",10
8745101,0,1,"Female",30,"Private",8
8745101,1,0,"Female",0,-99,
8745101,1,1,"Male",42,-99,
8745201,0,0,"Female",56,"Private",0
8745201,0,1,"Male",40,"Private",0
8745201,1,0,"Female",0,-99,
8745201,1,1,"Male",56,-99,
8914101,0,0,"Male",0,"Private",10
8914101,0,1,"Female",8,"Private",11
8914101,1,0,"Female",0,-99,
8914101,1,1,"Male",54,-99,
8914201,0,0,"Male",56,"Public",7
8914201,0,1,"Female",0,"Public",12
8914201,1,0,"Male",,-99,
8914201,1,1,"Female",0,-99,
8925101,0,0,"Male",40,"Private",10
8925101,0,1,"Female",0,"Private",5
8925101,1,0,"Female",0,-99,
8925101,1,1,"Male",24,-99,
8930101,0,0,"Male",240,"Private",
8930101,0,1,"Female",0,"Private",
8930101,1,0,"Female",54,-99,
8930101,1,1,"Male",48,-99,
8932101,0,0,"Male",30,"Public",4
8932101,0,1,"Female",0,"Public",7
8932101,1,0,"Male",40,-99,
8932101,1,1,"Female",0,-99,
8932201,0,0,"Male",35,-99,10
8932201,0,1,"Female",0,-99,10
8932201,1,0,"Male",40,-99,
8932201,1,1,"Female",40,-99,
8936101,0,0,"Male",32,"Private",3
8936101,0,1,"Female",0,"Private",2
8936101,1,0,"Female",0,-99,
8936101,1,1,"Male",54,-99,
8936201,0,0,"Male",35,"Public",7
8936201,0,1,"Female",25,"Public",10
8936201,1,0,"Male",,-99,
8936201,1,1,"Female",42,-99,
8936301,0,0,"Male",56,"Private",8
8936301,0,1,"Female",0,"Private",10
8936301,1,0,"Male",54,-99,
8936301,1,1,"Female",0,-99,
8945201,0,0,"Female",70,"Public",0
8945201,0,1,"Male",0,"Public",0
8945201,1,0,"Female",0,-99,
8945201,1,1,"Male",63,-99,
8945301,0,0,"Male",49,"Private",7
8945301,0,1,"Female",0,"Private",10
8945301,1,0,"Male",10,-99,
8945301,1,1,"Female",0,-99,
9113101,0,0,"Male",50,"Public",1
9113101,0,1,"Female",50,"Public",5
9113101,1,0,"Male",60,-99,
9113101,1,1,"Female",60,-99,
9113201,0,0,"Male",48,"Public",9
9113201,0,1,"Female",48,"Public",1
9113201,1,0,"Male",49,-99,
9113201,1,1,"Female",30,-99,
9113301,0,0,"Female",30,"Public",0
9113301,0,1,"Male",30,"Public",0
9113301,1,0,"Female",7,-99,
9113301,1,1,"Male",8,-99,
9121101,0,0,"Male",45,"Public",7
9121101,0,1,"Female",0,"Public",1
9121101,1,0,"Male",49,-99,
9121101,1,1,"Female",49,-99,
9121201,0,0,"Male",35,"Private",6
9121201,0,1,"Female",0,"Private",1
9121201,1,0,"Female",0,-99,
9121201,1,1,"Male",6,-99,
9121301,0,0,"Male",32,"Public",11
9121301,0,1,"Female",32,"Public",10
9121301,1,0,"Male",49,-99,
9121301,1,1,"Female",0,-99,
9142101,0,0,"Female",48,"Private",0
9142101,0,1,"Male",56,"Public",0
9142101,1,0,"Female",42,-99,
9142101,1,1,"Male",42,-99,
9142201,0,0,"Female",0,"Public",0
9142201,0,1,"Male",56,"Public",0
9142201,1,0,"Female",0,-99,
9142201,1,1,"Male",6,-99,
9142301,0,0,"Female",48,"Public",0
9142301,0,1,"Male",56,"Public",0
9142301,1,0,"Male",,-99,
9142301,1,1,"Female",0,-99,
9142401,0,0,"Male",152,"Private",8
9142401,0,1,"Female",152,"Private",11
9142401,1,0,"Male",60,-99,
9142401,1,1,"Female",36,-99,
9144101,0,0,"Male",46,"Private",10
9144101,0,1,"Female",46,"Private",10
9144101,1,0,"Male",,-99,
9144101,1,1,"Female",42,-99,
9144201,0,0,"Male",221,-99,10
9144201,0,1,"Female",221,-99,10
9144201,1,0,"Male",6,-99,
9144201,1,1,"Female",6,-99,
9144301,0,0,"Male",70,"Private",10
9144301,0,1,"Female",70,"Private",3
9144301,1,0,"Male",7,-99,
9144301,1,1,"Female",7,-99,
9145101,0,0,"Male",91,"Public",5
9145101,0,1,"Female",0,"Public",1
9145101,1,0,"Male",7,-99,
9145101,1,1,"Female",7,-99,
9145201,0,0,"Female",48,"Public",0
9145201,0,1,"Male",48,"Public",0
9145201,1,0,"Female",0,-99,
9145201,1,1,"Male",7,-99,
9145301,0,0,"Female",48,"Public",0
9145301,0,1,"Male",48,"Public",0
9145301,1,0,"Female",24,-99,
9145301,1,1,"Male",70,-99,
9213101,0,0,"Female",32,"Private",0
9213101,0,1,"Male",32,"Private",0
9213101,1,0,"Female",0,-99,
9213101,1,1,"Male",49,-99,
9213201,0,0,"Female",12,-99,0
9213201,0,1,"Male",12,-99,0
9213201,1,0,"Female",30,-99,
9213201,1,1,"Male",32,-99,
9213301,0,0,"Female",24,"Public",0
9213301,0,1,"Male",24,"Public",0
9213301,1,0,"Female",0,-99,
9213301,1,1,"Male",70,-99,
9221101,0,0,"Male",45,"Public",1
9221101,0,1,"Female",0,"Public",1
9221101,1,0,"Male",42,-99,
9221101,1,1,"Female",42,-99,
9221201,0,0,"Male",48,"Private",5
9221201,0,1,"Female",0,"Private",8
9221201,1,0,"Male",49,-99,
9221201,1,1,"Female",12,-99,
9221301,0,0,"Male",48,"Public",4
9221301,0,1,"Female",10,"Public",3
9221301,1,0,"Male",42,-99,
9221301,1,1,"Female",42,-99,
9242101,0,0,"Male",56,"Private",1
9242101,0,1,"Female",0,"Private",1
9242101,1,0,"Male",63,-99,
9242101,1,1,"Female",0,-99,
9242201,0,0,"Male",49,"Private",9
9242201,0,1,"Female",0,"Public",5
9242201,1,0,"Male",42,-99,
9242201,1,1,"Female",0,-99,
9242301,0,0,"Female",0,"Public",0
9242301,0,1,"Male",24,"Public",0
9242301,1,0,"Male",7,-99,
9242301,1,1,"Female",2,-99,
9244101,0,0,"Female",46,"Private",0
9244101,0,1,"Male",46,"Private",0
9244101,1,0,"Female",0,-99,
9244101,1,1,"Male",35,-99,
9244201,0,0,"Male",46,"Public",10
9244201,0,1,"Female",46,"Public",10
9244201,1,0,"Male",45,-99,
9244201,1,1,"Female",0,-99,
9245101,0,0,"Male",0,"Public",7
9245101,0,1,"Female",0,"Public",1
9245101,1,0,"Female",6,-99,
9245101,1,1,"Male",7,-99,
9245201,0,0,"Male",48,"Public",9
9245201,0,1,"Female",48,"Public",15
9245201,1,0,"Female",0,-99,
9245201,1,1,"Male",42,-99,
9247101,0,0,"Male",46,"Public",1
9247101,0,1,"Female",46,"Public",10
9247101,1,0,"Male",32,-99,
9247101,1,1,"Female",28,-99,
9247201,0,0,"Male",42,"Public",1
9247201,0,1,"Female",42,"Public",2
9247201,1,0,"Male",49,-99,
9247201,1,1,"Female",0,-99,
9247301,0,0,"Female",8,"Private",0
9247301,0,1,"Male",8,"Private",0
9247301,1,0,"Female",0,-99,
9247301,1,1,"Male",28,-99,
9316101,0,0,"Male",48,"Private",5
9316101,0,1,"Female",0,"Private",5
9316101,1,0,"Male",42,-99,
9316101,1,1,"Female",0,-99,
9316201,0,0,"Male",48,"Private",7
9316201,0,1,"Female",0,"Private",11
9316201,1,0,"Female",0,-99,
9316201,1,1,"Male",77,-99,
9316301,0,0,"Male",16,"Private",7
9316301,0,1,"Female",0,"Private",9
9316301,1,0,"Male",42,-99,
9316301,1,1,"Female",0,-99,
9317101,0,0,"Female",0,"Public",0
9317101,0,1,"Male",4,"Public",0
9317101,1,0,"Female",0,-99,
9317101,1,1,"Male",36,-99,
9317201,0,0,"Male",36,"Public",10
9317201,0,1,"Female",0,"Public",9
9317201,1,0,"Female",0,-99,
9317201,1,1,"Male",84,-99,
9317301,0,0,"Male",42,"Private",
9317301,0,1,"Female",0,"Private",
9317301,1,0,"Male",45,-99,
9317301,1,1,"Female",0,-99,
9324101,0,0,"Female",0,"Public",0
9324101,0,1,"Male",55,"Public",0
9324101,1,0,"Female",0,-99,
9324101,1,1,"Male",64,-99,
9324201,0,0,"Male",48,"Public",10
9324201,0,1,"Female",0,"Public",7
9324201,1,0,"Male",10,-99,
9324201,1,1,"Female",0,-99,
9324301,0,0,"Male",60,"Public",10
9324301,0,1,"Female",0,"Public",10
9324301,1,0,"Female",56,-99,
9324301,1,1,"Male",56,-99,
9339101,0,0,"Male",0,"Public",10
9339101,0,1,"Female",0,"Public",10
9339101,1,0,"Male",64,-99,
9339101,1,1,"Female",0,-99,
9339201,0,0,"Female",0,"Private",0
9339201,0,1,"Male",46,"Private",0
9339201,1,0,"Male",77,-99,
9339201,1,1,"Female",0,-99,
9339301,0,0,"Male",0,"Public",7
9339301,0,1,"Female",0,"Public",7
9339301,1,0,"Female",0,-99,
9339301,1,1,"Male",64,-99,
9339401,0,0,"Male",32,"Private",10
9339401,0,1,"Female",0,"Private",12
9339401,1,0,"Male",36,-99,
9339401,1,1,"Female",0,-99,
9341101,0,0,"Male",56,"Public",7
9341101,0,1,"Female",0,"Public",7
9341101,1,0,"Female",25,-99,
9341101,1,1,"Male",48,-99,
9341201,0,0,"Male",40,"Public",8
9341201,0,1,"Female",56,"Public",8
9341201,1,0,"Male",48,-99,
9341201,1,1,"Female",8,-99,
9341301,0,0,"Female",0,"Private",0
9341301,0,1,"Male",84,"Private",0
9341301,1,0,"Male",48,-99,
9341301,1,1,"Female",0,-99,
9416101,0,0,"Male",32,"Public",7
9416101,0,1,"Female",0,"Public",2
9416101,1,0,"Male",7,-99,
9416101,1,1,"Female",0,-99,
9416201,0,0,"Male",54,"Public",5
9416201,0,1,"Female",8,"Public",5
9416201,1,0,"Male",48,-99,
9416201,1,1,"Female",32,-99,
9417101,0,0,"Male",12,"Public",10
9417101,0,1,"Female",0,"Public",10
9417101,1,0,"Male",51,-99,
9417101,1,1,"Female",0,-99,
9417201,0,0,"Male",21,"Public",11
9417201,0,1,"Female",0,"Public",8
9417201,1,0,"Female",0,-99,
9417201,1,1,"Male",8,-99,
9417301,0,0,"Male",15,"Public",7
9417301,0,1,"Female",14,"Public",7
9417301,1,0,"Female",0,-99,
9417301,1,1,"Male",8,-99,
9424101,0,0,"Male",0,"Public",9
9424101,0,1,"Female",60,"Public",11
9424101,1,0,"Male",72,-99,
9424101,1,1,"Female",48,-99,
9424102,0,0,"Male",0,"Public",9
9424102,0,1,"Female",60,"Public",11
9424102,1,0,"Male",48,-99,
9424102,1,1,"Female",48,-99,
9424401,0,0,"Female",18,"Public",
9424401,0,1,"Male",0,"Public",
9424401,1,0,"Male",49,-99,
9424401,1,1,"Female",28,-99,
9424501,0,0,"Male",48,"Public",5
9424501,0,1,"Female",0,"Public",4
9424501,1,0,"Male",48,-99,
9424501,1,1,"Female",35,-99,
9439101,0,0,"Male",0,"Private",11
9439101,0,1,"Female",0,"Private",4
9439101,1,0,"Female",70,-99,
9439101,1,1,"Male",70,-99,
9441101,0,0,"Female",0,"Private",0
9441101,0,1,"Male",0,"Private",0
9441101,1,0,"Female",0,-99,
9441101,1,1,"Male",54,-99,
9513101,0,0,"Male",70,"Public",1
9513101,0,1,"Female",70,"Public",1
9513101,1,0,"Female",49,-99,
9513101,1,1,"Male",49,-99,
9513201,0,0,"Male",70,"Public",6
9513201,0,1,"Female",70,"Public",1
9513201,1,0,"Male",84,-99,
9513201,1,1,"Female",48,-99,
9513301,0,0,"Male",45,"Public",10
9513301,0,1,"Female",0,"Public",7
9513301,1,0,"Male",55,-99,
9513301,1,1,"Female",0,-99,
9513401,0,0,"Male",70,"Public",10
9513401,0,1,"Female",70,"Public",4
9513401,1,0,"Female",60,-99,
9513401,1,1,"Male",60,-99,
9518101,0,0,"Female",32,-99,0
9518101,0,1,"Male",48,"Public",0
9518101,1,0,"Male",,-99,
9518101,1,1,"Female",0,-99,
9518201,0,0,"Female",48,"Private",0
9518201,0,1,"Male",48,"Public",0
9518201,1,0,"Female",48,-99,
9518201,1,1,"Male",84,-99,
9521101,0,0,"Male",48,"Public",7
9521101,0,1,"Female",0,"Public",1
9521101,1,0,"Female",0,-99,
9521101,1,1,"Male",48,-99,
9521201,0,0,"Male",40,"Public",1
9521201,0,1,"Female",0,"Public",1
9521201,1,0,"Male",70,-99,
9521201,1,1,"Female",56,-99,
9544101,0,0,"Male",224,"Public",7
9544101,0,1,"Female",224,"Public",1
9544101,1,0,"Male",48,-99,
9544101,1,1,"Female",48,-99,
9544201,0,0,"Male",120,-99,5
9544201,0,1,"Female",120,"Public",1
9544201,1,0,"Male",,-99,
9544201,1,1,"Female",0,-99,
9547101,0,0,"Male",56,"Public",4
9547101,0,1,"Female",42,"Public",1
9547101,1,0,"Male",40,-99,
9547101,1,1,"Female",0,-99,
9547201,0,0,"Male",56,"Public",5
9547201,0,1,"Female",56,"Public",1
9547201,1,0,"Female",63,-99,
9547201,1,1,"Male",63,-99,
9547301,0,0,"Female",56,-99,0
9547301,0,1,"Male",56,-99,0
9547301,1,0,"Male",77,-99,
9547301,1,1,"Female",35,-99,
9616201,0,0,"Male",0,"Public",7
9616201,0,1,"Female",0,"Public",10
9616201,1,0,"Male",0,-99,
9616201,1,1,"Female",0,-99,
9616301,0,0,"Male",48,"Public",7
9616301,0,1,"Female",0,"Public",5
9616301,1,0,"Male",32,-99,
9616301,1,1,"Female",24,-99,
9616401,0,0,"Male",48,"Public",7
9616401,0,1,"Female",0,"Public",7
9616401,1,0,"Male",48,-99,
9616401,1,1,"Female",0,-99,
9617101,0,0,"Male",0,"Private",7
9617101,0,1,"Female",12,"Private",6
9617101,1,0,"Female",0,-99,
9617101,1,1,"Male",64,-99,
9617201,0,0,"Male",12,"Public",5
9617201,0,1,"Female",0,"Public",12
9617201,1,0,"Male",40,-99,
9617201,1,1,"Female",64,-99,
9617301,0,0,"Male",14,"Public",4
9617301,0,1,"Female",0,"Public",9
9617301,1,0,"Female",0,-99,
9617301,1,1,"Male",56,-99,
9624101,0,0,"Female",48,"Public",0
9624101,0,1,"Male",8,"Public",0
9624101,1,0,"Male",56,-99,
9624101,1,1,"Female",56,-99,
9624301,0,0,"Male",48,"Public",7
9624301,0,1,"Female",42,"Public",10
9624301,1,0,"Male",64,-99,
9624301,1,1,"Female",0,-99,
9641101,0,0,"Female",48,"Public",0
9641101,0,1,"Male",0,"Public",0
9641101,1,0,"Male",30,-99,
9641101,1,1,"Female",0,-99,
9641201,0,0,"Male",0,"Public",4
9641201,0,1,"Female",0,"Public",7
9641201,1,0,"Male",42,-99,
9641201,1,1,"Female",0,-99,
9641301,0,0,"Female",0,"Public",0
9641301,0,1,"Male",32,"Public",0
9641301,1,0,"Male",49,-99,
9641301,1,1,"Female",36,-99,
9642101,0,0,"Male",42,"Public",4
9642101,0,1,"Female",42,"Public",1
9642101,1,0,"Female",42,-99,
9642101,1,1,"Male",42,-99,
9642201,0,0,"Female",48,"Public",0
9642201,0,1,"Male",48,"Public",0
9642201,1,0,"Male",0,-99,
9642201,1,1,"Female",0,-99,
9642301,0,0,"Male",48,"Private",10
9642301,0,1,"Female",0,"Private",11
9642301,1,0,"Male",48,-99,
9642301,1,1,"Female",48,-99,
9645101,0,0,"Female",35,"Public",0
9645101,0,1,"Male",35,"Public",0
9645101,1,0,"Female",56,-99,
9645101,1,1,"Male",56,-99,
9645201,0,0,"Male",16,"Public",14
9645201,0,1,"Female",16,"Public",9
9645201,1,0,"Male",56,-99,
9645201,1,1,"Female",0,-99,
9713101,0,0,"Female",0,"Private",0
9713101,0,1,"Male",0,"Private",0
9713101,1,0,"Female",0,-99,
9713101,1,1,"Male",42,-99,
9713201,0,0,"Male",70,"Public",9
9713201,0,1,"Female",70,"Private",10
9713201,1,0,"Male",75,-99,
9713201,1,1,"Female",0,-99,
9713202,0,0,"Male",70,"Public",9
9713202,0,1,"Female",70,"Private",9
9713202,1,0,"Male",75,-99,
9713202,1,1,"Female",0,-99,
9718101,0,0,"Female",50,"Public",0
9718101,0,1,"Male",50,"Public",0
9718101,1,0,"Male",63,-99,
9718101,1,1,"Female",0,-99,
9718201,0,0,"Female",48,"Public",0
9718201,0,1,"Male",48,"Public",0
9718201,1,0,"Male",56,-99,
9718201,1,1,"Female",0,-99,
9718301,0,0,"Male",42,"Public",6
9718301,0,1,"Female",42,"Public",8
9718301,1,0,"Male",56,-99,
9718301,1,1,"Female",49,-99,
9718401,0,0,"Female",48,"Public",0
9718401,0,1,"Male",48,"Public",0
9718401,1,0,"Female",0,-99,
9718401,1,1,"Male",56,-99,
9718501,0,0,"Male",48,"Public",5
9718501,0,1,"Female",48,"Public",3
9718501,1,0,"Female",30,-99,
9718501,1,1,"Male",42,-99,
9721101,0,0,"Male",0,"Public",10
9721101,0,1,"Female",52,"Public",7
9721101,1,0,"Male",63,-99,
9721101,1,1,"Female",0,-99,
9721201,0,0,"Male",54,"Public",1
9721201,0,1,"Female",54,"Public",7
9721201,1,0,"Male",56,-99,
9721201,1,1,"Female",63,-99,
9723101,0,0,"Male",48,"Public",7
9723101,0,1,"Female",0,"Public",10
9723101,1,0,"Male",40,-99,
9723101,1,1,"Female",0,-99,
9723201,0,0,"Male",60,"Public",0
9723201,0,1,"Female",0,"Public",1
9723201,1,0,"Female",49,-99,
9723201,1,1,"Male",49,-99,
9744101,0,0,"Male",96,"Public",10
9744101,0,1,"Female",96,"Public",8
9744101,1,0,"Male",60,-99,
9744101,1,1,"Female",14,-99,
9744201,0,0,"Male",63,"Public",12
9744201,0,1,"Female",63,"Public",12
9744201,1,0,"Male",56,-99,
9744201,1,1,"Female",28,-99,
9747101,0,0,"Female",56,"Public",0
9747101,0,1,"Male",56,"Public",0
9747101,1,0,"Male",42,-99,
9747101,1,1,"Female",0,-99,
9747201,0,0,"Male",56,"Private",10
9747201,0,1,"Female",56,"Private",12
9747201,1,0,"Male",40,-99,
9747201,1,1,"Female",0,-99,
9813101,0,0,"Male",100,"Private",10
9813101,0,1,"Female",100,"Private",12
9813101,1,0,"Male",42,-99,
9813101,1,1,"Female",0,-99,
9813201,0,0,"Female",64,"Private",0
9813201,0,1,"Male",64,"Private",0
9813201,1,0,"Female",36,-99,
9813201,1,1,"Male",21,-99,
9813301,0,0,"Female",24,"Public",0
9813301,0,1,"Male",24,"Public",0
9813301,1,0,"Male",42,-99,
9813301,1,1,"Female",42,-99,
9818101,0,0,"Male",48,"Public",5
9818101,0,1,"Female",48,"Public",3
9818101,1,0,"Male",36,-99,
9818101,1,1,"Female",42,-99,
9818201,0,0,"Male",48,"Public",3
9818201,0,1,"Female",48,"Public",7
9818201,1,0,"Male",49,-99,
9818201,1,1,"Female",49,-99,
9818301,0,0,"Female",48,"Public",0
9818301,0,1,"Male",48,"Public",0
9818301,1,0,"Male",7,-99,
9818301,1,1,"Female",0,-99,
9818401,0,0,"Male",24,"Private",10
9818401,0,1,"Female",48,"Public",12
9818401,1,0,"Female",7,-99,
9818401,1,1,"Male",7,-99,
9821101,0,0,"Male",48,"Public",5
9821101,0,1,"Female",0,"Public",10
9821101,1,0,"Female",0,-99,
9821101,1,1,"Male",48,-99,
9821201,0,0,"Male",48,"Private",5
9821201,0,1,"Female",35,"Private",9
9821201,1,0,"Female",35,-99,
9821201,1,1,"Male",84,-99,
9821301,0,0,"Male",58,"Public",7
9821301,0,1,"Female",58,"Public",7
9821301,1,0,"Male",35,-99,
9821301,1,1,"Female",35,-99,
9844101,0,0,"Male",46,"Public",1
9844101,0,1,"Female",46,"Public",7
9844101,1,0,"Female",0,-99,
9844101,1,1,"Male",56,-99,
9844201,0,0,"Male",70,"Public",10
9844201,0,1,"Female",70,"Public",9
9844201,1,0,"Male",64,-99,
9844201,1,1,"Female",32,-99,
9844301,0,0,"Male",46,"Public",2
9844301,0,1,"Female",46,"Public",8
9844301,1,0,"Male",49,-99,
9844301,1,1,"Female",0,-99,
9847101,0,0,"Female",56,"Public",0
9847101,0,1,"Male",56,"Public",0
9847101,1,0,"Female",54,-99,
9847101,1,1,"Male",54,-99,
9847201,0,0,"Male",56,"Public",3
9847201,0,1,"Female",56,"Public",12
9847201,1,0,"Male",32,-99,
9847201,1,1,"Female",0,-99,
9847301,0,0,"Male",56,"Public",8
9847301,0,1,"Female",56,"Public",10
9847301,1,0,"Female",30,-99,
9847301,1,1,"Male",24,-99,
9928101,0,0,"Male",48,"Public",1
9928101,0,1,"Female",48,"Public",8
9928101,1,0,"Male",38,-99,
9928101,1,1,"Female",0,-99,
9928201,0,0,"Male",48,"Public",7
9928201,0,1,"Female",0,"Public",10
9928201,1,0,"Male",48,-99,
9928201,1,1,"Female",0,-99,
9934101,0,0,"Male",24,"Public",12
9934101,0,1,"Female",12,"Public",10
9934101,1,0,"Male",12,-99,
9934101,1,1,"Female",0,-99,
9934201,0,0,"Male",72,-99,14
9934201,0,1,"Female",0,-99,10
9946101,0,0,"Male",24,"Public",7
9946101,0,1,"Female",24,"Public",1
9946101,1,0,"Male",0,-99,
9946101,1,1,"Female",0,-99,
9950101,0,0,"Male",70,"Public",9
9950101,0,1,"Female",0,"Public",7
9950101,1,0,"Male",56,-99,
9950101,1,1,"Female",14,-99,
